,tool,ETL annotations count
3587,martview,6
1217,query tabular,6
1034,fairifier,6
1257,osirix,5
1089,disqover,5
2018,snpator,5
1670,baget,5
3380,pga,5
3523,ms-data-core-api,5
641,ncbi resources,5
963,geoboost2,5
3514,repo,5
2055,genomicsdb,4
1137,plantpis,4
1354,repeatfs,4
1643,multiplierz,4
2662,geonode-tools4msp,4
1350,aclimatise,4
241,viennngs,4
1005,diseasecard,4
3177,snappy,4
3216,sapp,4
1652,pubmed,4
1836,omics data paper generator,4
3833,grok,4
1320,moirai,4
623,dvd,4
1654,jmztab-m,4
1126,sigreannot-mart,4
60,ontobrowser,4
2388,miamexpress,4
2181,dnemo,4
2379,genscalpel,4
3880,mibig 2.0,4
880,clobnet,4
1818,ddbj,4
2772,pep,4
374,reactioncode,4
71,entrez,4
3096,yabi,4
1687,biomart,4
3506,workflow characterizing nanoparticle monolayers biosensors,4
1197,pdbusqlextractor,4
442,epiviz file server,4
1932,glassesviewer,4
17,pgconverter,4
1177,pubcrawler,4
447,croco,4
2862,pastmus,4
481,biomodels database,4
205,bionimbus,4
1444,pcddb,4
2870,arteria,4
3486,ega,4
1964,gpress,4
2278,mg-rast api explorer,4
3577,base,4
1886,pygmql,4
2094,wft4galaxy,4
2555,ispider central,4
215,redcap,4
1365,libmgf,4
1752,mgnify,4
1492,g-links,4
1085,museqbox,4
827,bioextract,4
1749,orfer,4
692,atomium,4
1909,icite,4
1161,metadegalaxy,3
1741,qsiprep,3
1155,rescript,3
3058,idhs-dasts,3
2656,peatmoss,3
599,biodb-loader,3
1777,hmdb,3
608,permemdb,3
3718,affxparser,3
1747,geoboundaries,3
1175,genex_ontology,3
251,ewastools,3
1794,qiime artifact extractor (qax),3
3441,rdgidb,3
1049,ballaxy,3
3780,pmparser,3
1948,xmlget,3
1943,pheri,3
666,glypniro,3
2532,sepath,3
1931,compendiumdb,3
1059,haplotyper,3
3133,biocworkflowtools,3
3767,pipe-t,3
2553,kssd,3
1086,bridgedbr,3
3442,nbrp resources,3
1147,geredb,3
3117,emblmygff3,3
3113,ppisearch,3
1106,annotationforge,3
1848,pcrpi-db,3
3102,magpie,3
1116,gconvert,3
3099,amyco,3
1188,collect_mgf,3
3460,myexperiment,3
2623,ascrispr,3
612,iot-stream,3
267,etblast,3
1187,topspot,3
2801,copo,3
1729,mirnameconverter,3
3487,chemdataextractor,3
3554,sos,3
1371,pyms,3
3614,the immune epitope database (iedb),3
2832,datanator,3
1364,ncigraph,3
1506,biopax-parser,3
2928,blobtoolkit,3
2826,rdrf,3
2933,bip,3
1531,stem cell discovery engine (scde),3
1540,pklfilemerger,3
1541,cuneiform,3
400,targetmine,3
1544,ares-gt,3
3540,cytoml,3
427,extract_archive_merge,3
2845,feedr,3
2909,qmcpack,3
3596,syqada,3
467,mitre,3
3578,libcsam,3
1432,sra,3
3574,icgc data portal,3
3566,falcon server,3
1457,slinky,3
1458,tpms,3
3557,clinvar,3
2900,cellbaser,3
1393,dataanalysis2tpp,3
3560,idconvert,3
2907,pathpred,3
1474,cyrest,3
1475,swath2stats,3
2797,rdml,3
1343,clinical drug experience knowledgebase (cdek),3
1336,plato,3
2693,pybel,3
1660,encodexplorer,3
2723,avada,3
3148,pisa-tree,3
1695,pyneal,3
573,affyio,3
1701,xman,3
1706,open targets,3
1244,pecan (peptide-centric analysis),3
2690,fastfeatgen,3
1209,plethy,3
579,texmed,3
3041,belief,3
1202,bp4rnaseq,3
2680,datelife,3
3678,tableparser,3
342,stanford microarray database (smd),3
1562,avian immunome db,3
1308,comspari,3
1566,pangaea,3
2954,pandoc scholar,3
2965,gazevisual-lib,3
1576,alliance genome resources,3
2967,x2h,3
1309,emage,3
1594,maizesnpdb,3
1262,master2pgsnp,3
2977,gpcr-pendb,3
1286,yogy,3
3665,iodata,3
549,phylopat,3
1628,featureextract,3
1265,jaspar restful api,3
2520,rbbt,3
469,ramigo,3
2158,cosinor,3
2037,gwas-vcf,3
2406,genecite,3
2053,myvariant.info,3
37,deepblue epigenomic data server,3
2335,irods,3
754,scoc database,3
3824,rmassbank,3
774,blastfrost,3
2041,reindeer,3
2222,pdb-tools web,3
753,repic,3
22,mlda,3
3299,pubchem,3
2134,famfetch,3
997,european variation archive (eva),3
3174,gatk,3
750,bam2fastq,3
3860,gpsdb,3
154,bioruby,3
3906,myseq,3
70,pombase,3
3398,lincs data portal 2.0,3
2187,genus biomolecules,3
3206,el-maven,3
2373,nmrstarlib,3
52,hpastainr,3
936,civicpy,3
869,emdatabank.org,3
3888,mousemine,3
2342,ndexr,3
951,togostanza,3
870,askomics,3
3390,coeus,3
47,vcfr,3
2204,bioproject,3
2104,cargo,3
3236,pgs catalog,3
2109,mergemaid,3
2068,pyrice,3
128,tomato functional genomics database (tfgd),3
3214,iranges,3
921,srna,3
131,genomehubs,3
3395,mesbl gc-ms metabolite peak database,3
2471,mptopoquerier,3
933,bgt,3
2013,ratt,3
13,pyradiomics,3
1022,genomechronicler,3
3862,taverna,3
897,pyhist,3
73,datasets2tools,3
3318,biopython,3
1981,pcdb,3
1978,bio-formats,3
3868,anmj-morph,3
2301,gfakluge,3
3267,megante,3
2266,covidmine,3
2506,parameciumdb,3
3873,gem-trend,3
1968,biosystems,3
3323,seqstrap,3
1966,batchbench,3
1035,biojs-io-sam,3
3266,hypercldb,3
795,dcmqi,3
12,lidc,3
11,phage commander,3
1019,pewo,3
3336,phenomecentral,3
3313,judi,3
1995,ribor,3
19,prap,3
689,pazar,3
2000,prodmx,3
898,genepy3d,3
72,excemplify,3
1012,pathwaycommons web service api,3
1266,biosounds,2
2983,aai-profiler,2
2999,grape,2
868,crazyquant,2
1274,mygene,2
2949,psvs,2
3273,cryfa,2
1333,highresnps,2
2973,odg,2
1290,pcosbase,2
1300,admixpipe,2
1294,i2dash,2
2955,benchmarkncvtools,2
882,virus genotyping tools,2
1269,geneteflow,2
2961,gazepath,2
874,explainer,2
2970,gdbchembl,2
1272,deformats,2
2984,one touch pipeline (otp),2
881,psamm,2
2966,midcor,2
3268,glassgo,2
1273,procarbdb,2
1295,lipase reclassification,2
3270,spidermir,2
2968,rdavidwebservice,2
879,polyq,2
1307,qcquan,2
1303,rmsiproc,2
1043,civicmine,2
2946,nf-core-hic,2
1404,uorf-tools,2
828,typeinfo,2
2908,pred-gpcr,2
3310,brain predictability toolbox,2
1391,efetch gene,2
3312,romop,2
1397,electric guru,2
2902,mir2diabetes,2
1400,snavi,2
816,sapfinder,2
3317,bam_to_sam_parallel,2
814,pdm_utils,2
2897,mallard,2
1341,mzxml2search,2
2894,amon,2
1409,biojs-io-clustal,2
1414,netmatchstar,2
810,glycopost,2
1415,nanite,2
2889,chemmineob,2
2887,neartree,2
808,sbmlmod,2
2883,bcbio-nextgen,2
1425,gcview,2
3325,phemto,2
829,kccg patient archive,2
3306,plottwist,2
2913,t1dbase,2
831,sdrs,2
1348,s2o,2
3276,rnawre,2
3278,nf-core-sarek,2
861,mint,2
2936,axima2analyze,2
3283,arrowsam,2
858,glycomedb,2
1351,pathflowai,2
2935,mygene.info,2
856,prot2hg,2
1355,xvector,2
3287,vmd store,2
1359,autoclass,2
2930,fqseqname,2
3288,sprite,2
3292,pyomeroupload,2
3294,pfp,2
845,ensemblqdb,2
1370,meta-iavp,2
1372,altis,2
841,bloutminer,2
1378,toxsign,2
836,pycogent,2
1357,flaimapper,2
1225,pug-view,2
1264,colorgff,2
1252,intellipatent,2
1010,hipathdb,2
1090,protrack,2
3120,genatlas,2
1096,plant microrna database (pmrd),2
3116,genome-sketching,2
1428,gcat,2
1104,imubac,2
1009,popinf,2
3105,fqextract,2
1114,mascp gator,2
3183,plant resistance genes database (prgdb),2
3187,snpack,2
1117,biocstyle,2
1118,sratailor,2
1120,genenames.org,2
1121,taxa,2
985,mapi,2
982,biokc,2
3098,bio-cigar,2
3200,rnaspace,2
975,rbiopaxparser,2
973,quantpipe,2
1128,channelsdb,2
1130,starank,2
1136,clc_cas_to_sam,2
1138,readw,2
1139,gmql,2
3171,mitominer,2
3122,4dxpress,2
3123,phyloskeleton,2
3141,vdjdb,2
1046,siseq,2
3146,tap,2
1050,multiphate,2
3158,sdsw,2
1051,tn-seq,2
1031,scmap,2
1052,kipper,2
1053,gene expression database (gxd),2
3145,lea,2
1028,pipecomp,2
1027,matscholar,2
1055,taverna4proteomics,2
1024,stemcellnet,2
3168,sbml2latex,2
1064,phever,2
1069,iccare,2
1023,macie,2
1071,nrps-pks,2
1074,filter,2
3129,deepcircode,2
3163,planet microbe,2
1077,ngsreports,2
1082,sirw,2
1083,rdmp,2
3124,singlecellexperiment,2
3166,workflowr,2
2284,expression profiler,2
3209,pride converter,2
3079,chipinfo,2
1227,ipd project,2
913,spnconverter,2
3036,cdap,2
906,embl2checklists,2
904,lsd,2
1216,bio-jeti,2
3253,reprobe,2
3257,treeview,2
3032,xml2raf 1.02 -create raf maps from pdb xml files,2
1220,stategra,2
3029,reactome,2
1224,varfish,2
3151,simple clinvar,2
1234,htqpcr,2
3038,alitv,2
3019,prebs,2
3017,ppp,2
3016,orcid api,2
1241,biocfilecache,2
3258,abarray,2
1242,jmzreader,2
893,emgb,2
3261,myo-reg,2
3263,tcga-assembler 2,2
889,xenmine,2
1250,gala,2
886,linkprep,2
3245,rna helicase database,2
3243,msconvert,2
1153,embossdata,2
1174,lucegene,2
1156,dbsnp-q,2
1159,stradwin,2
957,biocyc knowledge library,2
3072,genosurf,2
955,powershell,2
954,international protein index (ipi),2
1167,ehecregnet,2
1169,metalims,2
953,chipseeker,2
944,blastalign,2
3226,kosmos,2
3067,vesiclepedia,2
3230,prokseq,2
917,pmidcite,2
3060,bigo,2
1182,clij,2
932,jphyloio,2
1184,arraytools,2
931,staphopia,2
928,gdtools_vcf2gd,2
3053,foresee,2
3050,pyfastx,2
3235,pdbj,2
925,mzstar,2
1201,kobas,2
1204,vect,2
1098,marine metagenomics portal,2
0,rsbml,2
1429,scatac-seq,2
1963,jensemb,2
2467,recode,2
2473,efetch pmc,2
2474,ribo-oddr,2
2010,icscb,2
2477,robustrankaggregation,2
2480,protexa,2
2481,twombli,2
2003,biotextquest+,2
2482,netmatch,2
1993,atav,2
1986,mirnatap,2
2497,tav4sb,2
2498,ilbe,2
2501,mastervar2vcf4.1,2
1975,fresco,2
1970,cutgextract,2
2507,metabolic,2
2022,hdcytodata,2
2023,doepipeline,2
2026,connectedreads,2
2441,zodiac,2
2076,pptm,2
2073,sceptre,2
2433,haplor,2
2066,sabre,2
2435,bwtool 1.0 gamma,2
2059,zifit,2
2058,mabellini,2
2442,evidence finder,2
2463,ontokin,2
2049,updowndistance,2
2047,hyper,2
2449,mascot2xml,2
2039,biomart central,2
2454,idash,2
2459,bisque,2
2462,vkcdb,2
2509,mps-db,2
2512,biospytial,2
2084,omim,2
2515,clinvap,2
1906,haste,2
1903,bco app,2
1900,cellfishing.jl,2
2556,h3abionet,2
1895,aird,2
1894,saavpedia,2
2561,brats toolkit,2
2562,msl,2
1890,gmrepo,2
1888,gretel,2
1881,tdr targets,2
2569,protein model portal,2
1879,biophp,2
2572,pyrpipe,2
1874,dextmp,2
1871,clc_find_variations_tab_convertor,2
2579,mmcif dictionary suite,2
2551,quasr,2
1911,mixmpln,2
2548,geoboost,2
1941,candimeth,2
2516,image sxm,2
2517,mapperanalyzer,2
2519,virsirnadb,2
1951,dasmiweb,2
2522,biodataome,2
2523,annotationtools,2
1942,pacsy,2
1937,qseq2fastq,2
2546,sledgehmmer,2
2531,arts,2
2535,database manager,2
1927,trowel,2
1922,hops_malt,2
2544,aqua-mer,2
1917,musica,2
1916,hribo,2
2081,imgt database of human mhc,2
2086,calchas,2
2877,paxtoolsr,2
2184,anddigest,2
2223,asap-sml,2
2331,endb,2
2220,recphyloxml,2
2336,mglex,2
2212,pygna,2
2211,pyir,2
2209,rotl,2
2208,mtbgt,2
2207,vista enhancer browser,2
2206,matrixmotif,2
2340,plan2l,2
2202,marq,2
2201,bionix,2
2344,aiida,2
2196,cafe variome,2
2346,mfpaq,2
2350,capipy,2
2225,cardiacprofiler,2
2232,refseqget,2
2234,medical relation extraction,2
2256,reqon,2
2287,pycurv,2
2292,tab2mage,2
2298,phplabware,2
2299,prodoc,2
2302,printsextract,2
2261,gear,2
2258,uniprot.ws,2
2250,arrayxpath,2
2322,cytof workflow,2
2248,eurocarbdb,2
2313,alfy,2
2245,pda,2
2242,super,2
2318,interactiontransformer,2
2238,morphdb,2
2321,spex2,2
2353,drfindid,2
2182,gast,2
2087,xip,2
2361,3srp,2
2125,bisr-rnaseq,2
2124,pogos,2
2397,presa2i,2
2113,dictybase update 2011,2
2112,mpblast,2
2407,i3,2
2108,ia-lab,2
2409,pytrack,2
2106,packmol-memgen,2
2413,adapter removal,2
2415,cut and runtools,2
2097,um-bbd,2
2096,cpfp,2
2095,minexpert,2
2417,ctdquerier,2
2092,hms-ics,2
2091,polysearch,2
2126,pncstress,2
2130,eximir,2
2387,i2d_r,2
2157,massbank,2
2174,pafscaff,2
2170,virusmint,2
2168,biomex,2
2367,biomodels parameter,2
2163,hit,2
2162,molgenis,2
2372,agilefileconverter,2
2155,combigor,2
2386,ptmphinder,2
2154,clima 2,2
2153,keggtranslator,2
2376,load_multifastq,2
2146,molprobity_3d,2
2145,pysradb,2
2381,breedbase,2
2385,supercyp,2
1866,kobra,2
1864,visibioweb,2
1863,zlibbioc,2
1532,humir,2
1580,anabel,2
1579,readseq,2
2779,foundry,2
2781,recon,2
1574,mergeomics,2
1573,cdsbank,2
2782,bissap,2
1570,atlasrdf,2
1569,bmeg,2
2784,msqt,2
1567,arraymaker,2
1559,histoneanalysisworkflow,2
1556,gotohscan,2
2792,sciapps,2
2793,isa tools,2
1546,torque,2
800,metasanity,2
2778,projectr,2
2775,germ-line v genes,2
1591,ibiodegpred,2
1611,sci-hub,2
2749,nadbinder,2
1622,retrorules,2
1621,spikeinterface,2
1619,pubmed central,2
1618,ratmine,2
1617,foldminer and lock 2,2
1612,asm2ace,2
1609,blocks www server,2
1593,ppai,2
1608,masswolf,2
2759,mkdom,2
2762,pdbfinder reformatted pdb files,2
2763,centomd,2
1599,bankit,2
2764,ribo-pop,2
2765,cancer predisposition sequencing reporter (cpsr),2
2810,pepatac,2
2811,biojs-vis-pmccitation,2
2583,tableannotator,2
2813,plant 3d,2
2856,annot,2
1468,nrg-cing,2
1467,s2rsldb,2
1463,hrman,2
1461,sparqlgraph,2
1459,bronco,2
1455,sig2biopax,2
1454,pygenometracks,2
1452,xde,2
2864,rnaactdrug,2
2867,rasflow,2
2868,ordino,2
1445,alvisir,2
1443,opossom,2
1440,cld,2
1438,mimo,2
1437,hybphaser,2
2855,tcw,2
1471,gopubmed,2
2853,pymsxml,2
1504,pocketannotate,2
1527,hic-dc,2
1525,gpcrpred,2
2818,rampart,2
2819,workflow,2
1517,gencompress,2
1514,pdb_extract,2
1507,gto,2
2833,marky,2
1477,progmap,2
1500,hamap_sparql,2
2837,radsex,2
2838,convert2annovar,2
1487,aastretch,2
1486,arraypipe,2
1479,phobos,2
2851,sroogle,2
1627,organisms,2
1630,peskaas,2
2744,circrna,2
1632,fastq_groomer_parallel,2
1800,blannotator,2
2626,pymethylprocess,2
2635,bingleseq,2
1787,ps4dr,2
1786,proteosushi,2
2646,seqtk,2
2648,apid,2
1770,uniprotr,2
1764,ccdb,2
1763,rsat peak-motifs,2
1755,rgmql,2
1753,tripal elasticsearch,2
2664,kinetoplastid genome resources (tritrypdb),2
1746,scan.upc,2
2667,aaindexextract,2
1744,multi experiment matrix,2
2668,botxminer,2
1801,qtl tableminer++(qtm),2
2625,gem library,2
1805,tandem2,2
1835,fastqz,2
1857,fp-lims,2
2596,bsm-arc,2
2597,gorth,2
1840,peppan,2
1839,icrf generator,2
1838,pintail,2
1837,hybrid-shrec,2
2603,transview,2
1808,sff2fastq,2
1830,rems,2
1828,lobster,2
2606,scalce,2
2610,loxodonta localizer,2
1815,posmed,2
1810,hippie,2
1809,peff,2
1742,teachopencadd-knime,2
2669,ncbi bookshelf,2
2672,cancerppd,2
1663,exocarta,2
1682,r3d-blast,2
2708,signature,2
2710,mricron,2
1678,mirbaseconverter,2
1676,eosc pipeline-reproducibility,2
2714,ensembldb,2
2722,yeastmine,2
1662,predictprotein,2
1688,medicmine,2
1655,qcmetrics,2
2736,datab.io,2
2738,rnall,2
1639,myvariant,2
2740,actman,2
1637,gta,2
1636,procleave,2
2705,immport,2
2696,pariga,2
2673,chimeraslayer,2
1720,risa,2
1735,msstats,2
1732,mitobank,2
1731,bam_to_sam,2
1727,bms standards registry,2
1726,ognm,2
1724,sff workbench,2
1722,seqret (ebi),2
2684,miams,2
1698,pyrocleaner,2
2685,g-root,2
1713,coordinatestosequence,2
1710,cancer cell line authentication (ccla),2
1709,gdtools_gd2vcf,2
2689,metaarray,2
1704,neuroscience information framework,2
2694,searchgtr,2
803,aceparser,2
3088,dgva,2
188,ape,2
3863,rpf,2
3832,cyvcf2,2
129,genecards,2
3835,geosubmission,2
3590,pi-net,2
453,antimicrobial peptide database (amped),2
3717,nextflow,2
3592,canevolve,2
3713,pcxn,2
3594,pepfunk,2
3595,biologicalnetworks,2
667,flower,2
3839,ebi tools,2
669,masterofpores,2
446,atacworks,2
120,jflow,2
3419,tximport,2
292,snpediar,2
3598,maltcms,2
3599,pbwt,2
280,cellhts2,2
3434,pcfamily,2
137,plasmo,2
3728,biojs-io-fasta,2
3568,dsrc,2
3453,microarray retriever,2
3452,starbase,2
147,sirah,2
478,solexaqa,2
3571,bior,2
3821,xtandem parser,2
3448,annotationhub,2
3727,proteomexchange,2
3438,pobo,2
637,multifit,2
140,hgmd,2
3444,dropletutils,2
276,hermes,2
642,addo,2
643,dastk - differential atac-seq toolkit,2
646,vap,2
470,pharmomics,2
118,metaphors,2
117,cumulus,2
3841,got-10k,2
3403,european nucleotide archive (ena),2
3606,topsan,2
299,metaqtl,2
694,csnap,2
696,mzr,2
3705,aggregate_scores_in_intervals,2
428,minerva platform,2
697,pgql,2
3704,shortread,2
97,bgee,2
298,lab7,2
305,biocaddie,2
306,dbd2bs,2
95,biogrid open repository of crispr screens (orcs),2
422,giniqc,2
93,mzwiff,2
309,datview,2
3700,flyrnai,2
702,efetch sequence,2
693,hydrosight,2
690,propsearch,2
3711,calis-p,2
3601,p2s,2
114,gwasinspector,2
675,gnomad,2
3843,matrix2png,2
3414,gem-net,2
3710,bigwig_to_bedgraph,2
3413,cellassign,2
3412,rmta,2
3846,hisif,2
681,pdbsum overview of macromolecular structures,2
688,gfbio,2
438,gypsy database (gydb),2
109,chipwig,2
3602,cancerliver,2
3847,pdinfobuilder,2
436,gtool,2
3605,moccasin,2
103,iacetyp,2
432,illuminaio,2
272,spang,2
3459,lsd 3.0,2
270,acdc,2
570,sv-gen,2
240,findzebra,2
563,bifrost,2
204,specl,2
3532,luxr,2
524,jiffynet,2
203,graphweb,2
201,aupa,2
3747,regbase,2
196,arrayprospector,2
236,peptide match,2
574,poji,2
247,go-crispr,2
193,bcm search launcher sequence utilities,2
192,seqminer,2
248,msms-chooser,2
249,ippi-db,2
250,ensembl,2
580,pubserver,2
3749,pri-cat,2
3524,human dephosphorylation database  (depod),2
581,odonate phenotypic database,2
222,iliski,2
229,rnaseqr,2
228,dampd,2
542,cab-rep,2
231,mzvar,2
225,gen2vcf,2
545,archpred,2
546,rre,2
548,fconverter,2
3519,ahmii,2
235,rf-malosite,2
3511,gdtools_validate,2
3520,ipda,2
555,gwastools,2
217,aops-svm,2
3522,fqcleaner,2
535,togogenome,2
3764,phi-base,2
3765,dr-thermo,2
3783,query_win,2
3784,biomodels database converters,2
3564,gtdb,2
3806,rtracklayer,2
3474,the hymenoptera genome database (hgd),2
260,tbl2knowngene,2
264,wiff2dta,2
495,lge,2
3804,webgester db,2
3733,vargenius,2
3469,psi-mi validator,2
266,gdtools_gd2gvf,2
3807,biomoby,2
603,isobase,2
3732,pwst,2
3556,niasgbdb,2
160,nmrml converter,2
3467,snakemake,2
614,eukaryotic pathongen database resources (eupathdb),2
3561,datastorr,2
157,iconvert,2
487,tarbase v8,2
3737,radar-base,2
498,predus,2
583,nlimed,2
590,dsm,2
516,weget,2
253,regate,2
515,variationget,2
3541,patroon,2
512,varicarta,2
3543,scatac-pro,2
3740,togotable,2
589,mgert,2
3794,decipher,2
499,the human protein reference database (hprd),2
3481,biouml,2
595,icer,2
257,gdportal,2
596,ramid,2
3551,hic-hiker,2
3552,sentieon dnaseq,2
169,arpeggio,2
3553,genomenet,2
418,plant genomics and phenomics research data repository (pgp),2
674,marmoset,2
704,jaspextract,2
36,3dbionotes,2
3348,sabio-rk: biochemical reactions and their kinetics,2
327,camitax,2
3365,armor,2
731,tvtb,2
3653,scgeatoolbox,2
326,imgt structuralquery,2
3668,bmrb,2
3907,wattos,2
59,planttfdb,2
405,metabase,2
350,cluster flow,2
3382,pdbe,2
727,invfest,2
62,casnp,2
324,imgt hla database,2
3674,qsar,2
3655,reformat_fastq,2
3656,biotracs,2
3879,snovault,2
3372,zr-mofs,2
3864,bugasbase,2
721,clinepidb,2
3387,molpov,2
3343,bionumbers,2
38,bionet-mining,2
3361,sam_to_bam,2
780,proaffimuseq,2
772,phylochipanalyzer,2
773,findbase,2
3672,sv-callers,2
3683,binom,2
3909,dichromatch,2
3650,converttranscriptfile,2
48,michip,2
3347,the allele frequency net database (afnd),2
50,docknmine,2
21,appagato,2
3681,rimmport,2
41,flyfactorsurvey,2
348,tebacten,2
777,kipar,2
3649,rdp pyrosequencing pipeline,2
770,abcmodeller,2
372,clc_extract_consensus,2
769,gpcrs,2
3913,gitar,2
40,pevosoar,2
3344,hmtvar,2
3648,rawtools,2
779,retip,2
3657,autosequin,2
722,grasp,2
354,biojs-io-gff,2
756,genie-sys,2
3644,drfindformat,2
757,keggparser,2
79,hitec,2
3638,robot,2
410,rightfield,2
3899,spell,2
80,multislide,2
317,mirpathdb,2
3919,impact framework,2
709,experimenthubdata,2
355,qualtofastq,2
3332,admixr,2
3642,experimenthub,2
357,genfam,2
388,electron density server at uppsala university,2
794,gtdb-tk,2
3641,toff,2
3397,1000genomes vcf2ped,2
796,proteindecision,2
313,protyquant,2
359,imex,2
386,alpsnmr,2
2,chemdraw ultra,2
382,antholigo,2
3373,bcftools_view,2
712,wipp,2
69,pykneer,2
7,strms,2
3339,agonotes,2
352,biomformat,2
3392,drlumi,2
67,dat2mgf,2
411,drugcomb,2
3360,rdfscape,2
353,converter_genbank_to_fasta,2
3351,alignparse,2
3877,biogitflow,2
3875,m2lite,2
3335,imaaagine,2
719,mmsinc,2
3874,pulmondb,2
716,butler,2
3896,fox insight,2
2616,eccetera,1
2737,logitt,1
3738,iprstats,1
2617,drugbank,1
3741,bioexcel building blocks (biobb),1
2735,hla-arena,1
3736,phosida,1
2732,chippeakanno,1
2619,plastid genome annotator,1
2618,phenoseed,1
2607,gqspsim,1
2733,qtlbase,1
2620,isee,1
2608,pamogk,1
2609,bridgedb,1
2615,pannbuilder,1
3739,yeast gfp fusion localization database (yeastgfp),1
2611,snapr,1
2612,gwar,1
2613,uniparc,1
2614,ps_scan,1
3673,pirate,1
2734,scribl,1
2595,genesigdb,1
2605,lnetwork,1
3667,grindb,1
2584,imagej (nih),1
3748,psaweb,1
2582,seqxref,1
2581,extractcentralregions,1
3750,seqassist,1
2580,sesaw,1
2745,caretta,1
2578,mz2mgf,1
2746,sipros,1
2747,hylength,1
2577,rama,1
2576,depmap,1
3751,cutadapt 1.12,1
2748,validatordb,1
2575,dinucleotide property database (diprodb),1
2574,funvar,1
3752,samsvm,1
2573,nembase4,1
3753,envisionquery,1
3666,evidenceaggregateddriverranking,1
2750,skinsensdb,1
2571,ensembl genomes plants id history converter,1
2570,openhicamm,1
3754,bed,1
3664,siloco,1
2585,airlab,1
2586,cvid,1
2604,rzparser,1
2587,otusfocus,1
3742,solid_qual_stats,1
2739,proteoannotator,1
2602,epilog,1
3671,bwimage,1
3670,viper lc-ms,1
2601,mesophotic.org,1
3669,octopus-toolkit,1
2741,mirortho,1
2742,mpss,1
2743,genes by epitopes presence,1
3743,mirconnx,1
3744,metaomics,1
2600,ngs_simulation,1
2599,kb-rank,1
2598,agilequalityfilter,1
3745,.net bio,1
3746,ceas,1
2622,bmtk,1
2594,genetic revision,1
2593,moat,1
2592,pridb,1
2591,mtl-bc-lbc-bioner,1
2590,spatter,1
2589,mycobacterium leprae genome database,1
2588,chromdraw,1
2621,makecdfenv,1
3677,gencode,1
3735,molmedb,1
3734,sdg,1
2699,ipcoal,1
2700,cellbench,1
2701,locusexplorer,1
3709,avis,1
2671,seva,1
2670,asd,1
2702,new basis set exchange,1
2703,chebi ws,1
3690,cr-est,1
3689,colt-cancer,1
2704,microsysmics,1
2567,rbp-maps,1
3712,biojs-io-newick,1
2706,vacsol,1
2707,conserved domain database cdd,1
3688,pyar,1
2709,aidd,1
3714,gmt,1
3715,cowpeamine,1
3716,antibodies chemically defined database (abcd),1
3687,drfindresource,1
2711,cppredictor,1
3686,solart,1
2666,srnatoolbox,1
3719,corbi,1
2665,whichdb,1
3720,regals,1
2712,bpipe,1
3721,scmeth,1
2698,snprelate,1
3691,retropath2.0,1
3708,2passtools,1
3703,drug-target explorer,1
3699,natural products atlas,1
2688,pyinknife2,1
2687,imir,1
3698,tmvar,1
2686,pedl,1
3701,complexcontact,1
3697,spurio,1
3702,phylotar,1
2683,ipa,1
2682,nucgen,1
2681,enzyme portal - protein sequence search,1
2691,pyronoise,1
3696,nucleardb,1
2692,gene expression atlas,1
2674,res2net,1
2679,pycellbase,1
3695,geneattribution,1
2678,ucsc cancer genomics browser,1
3694,webikey,1
3706,mrc image processing package,1
2677,diversitymobile,1
3707,metaquantome,1
2676,blue,1
2695,biosimulators,1
3693,molgenis compute,1
3692,genclip,1
2697,ensembl fugu genome browser,1
2675,episo,1
3722,homa,1
2713,gate,1
3685,page-net,1
2633,fishalyser,1
2641,flunet,1
2640,prosight ptm,1
3679,visant,1
2724,simphy,1
2725,taxoptimizer,1
2639,zikavid,1
2638,imgt mab-db,1
2637,ngsutils,1
3730,cractools,1
2636,msd file reader,1
2726,rnamountalign,1
2727,pvca,1
2634,transitivity,1
2632,waltz-db,1
2643,biojs-io-graduates,1
2631,metadata editor,1
3731,mirmine,1
2630,invacost,1
2629,ped-sim,1
2628,pbsword,1
3676,biomine explorer,1
2627,trimmomatic,1
2728,pymia,1
3675,genepainter,1
2729,kinimmerse,1
2730,mres2x,1
2731,libr mocd,1
2624,bomp,1
2642,glytoucan,1
2644,charprotdb,1
2663,driversub,1
2717,the chickpea portal,1
3723,piqed,1
2715,metaimprint,1
2661,kodama,1
2660,cpndb,1
2659,manor,1
2716,sparkga2,1
2658,sagx,1
2657,pfind studio,1
3724,mapstore,1
3725,selectome,1
3726,gs-preprocess,1
3684,dbnsfp,1
2655,conet app,1
2654,metabolic pathway prediction,1
3680,hyperquant,1
2718,secapr,1
2719,seq2hla,1
2653,pavian,1
2652,geneva,1
2651,yarn,1
2720,ambergpumdsimulation,1
2721,xeml-lab,1
2650,uniprotkb,1
2649,guildify,1
2647,wossoutput,1
3682,prex,1
2645,metacoder,1
3729,national microbial pathogen,1
2568,annotationhubdata,1
3329,data dependent-independent acquisition proteomics (ddia),1
2566,fb5p-seq,1
3870,idef-pseraac,1
2375,rgcop,1
3867,oncoyeasti,1
2377,galaxy scater,1
2378,ribominer,1
3866,the seed genome comparison environment,1
2380,cellity,1
3865,grall,1
2382,oncocnv,1
2383,tcrmodel,1
2384,unicycler,1
3861,non-b db,1
3859,genomernai,1
3858,njplot,1
2389,bioseq-analysis 2.0,1
2390,aramemnon database of plant membrane proteins,1
2391,extractalign,1
2392,sacmes,1
3869,intscore,1
2374,l-measure,1
2355,pars,1
3871,geneseqtofamily,1
3881,lfqc,1
2357,ccancer,1
2358,batchqc,1
2359,ssake,1
2360,masschroq,1
2362,bagel2,1
3878,gff-ex,1
2363,crysplot,1
2364,exac,1
2365,tool recommender system in galaxy using deep learning,1
2366,measurementerror.cor,1
3876,sider,1
2368,ecogene,1
2369,bio-samtools,1
2370,ribopy,1
2371,hmmcopy,1
3872,geneyenta,1
2393,sagat,1
3857,nanoj-squirrel,1
2394,gplas,1
2395,evofreq,1
2411,hadex,1
2412,pcaviz,1
2414,biana,1
3845,t-rex,1
2416,bio-tds,1
3844,rosettaantibody,1
3842,metamapr,1
2418,mity,1
2419,orchid,1
2420,sitex,1
3840,targetfinder.org,1
2421,shutu,1
2422,allestm,1
2423,ipcwswitch,1
3838,wossinput,1
2424,mvp_a,1
2425,transcription factor prediction database (dbd),1
2410,picard_samtofastq,1
3848,mermaid,1
3849,snagee,1
2401,ltr_struc,1
2396,classifyr,1
3856,collagen mutation database (cmd),1
3855,slim,1
3854,gucal,1
2398,pride,1
2399,genes by molecular weight,1
2400,btyper3,1
2402,phylosubsets,1
3850,morca,1
2403,adjustpkl,1
2404,foldamerdb,1
2405,ddct,1
3853,tfbscluster,1
3852,swepep,1
3851,imgt ligm-db,1
2408,hops_tk,1
2356,phosphoelm database,1
2354,genatlas human gene database,1
2565,igd,1
2305,genome3d,1
3912,restraintlib,1
2307,bigr xnat,1
2308,labiocin database,1
2309,protein digestion simulator,1
2310,psicquic,1
2311,genetclassifier,1
3911,neuroelectro,1
2312,zincpharmer,1
3910,genbankr,1
2314,snp2sim,1
2315,pemer,1
2316,hide,1
3908,pyrx,1
2317,annonex2embl,1
2319,ithanet,1
3905,varus,1
2320,uniprotkb swiss-prot,1
2306,ghostz,1
2304,bigram-pgk,1
3882,carmen,1
3914,disoselect,1
2286,irna-m2g,1
2288,venn diagrams,1
3920,t3db,1
2289,extractseq,1
2290,genetic and genomic information system (gnpis),1
2291,magnolia,1
2293,hepamine,1
2294,hyppo-x,1
2295,osteoporosatlas,1
2296,ena sequence search,1
2297,queryor,1
3918,cellprofiler,1
3917,krasi,1
2300,wheat genome,1
3916,affypipe,1
3915,sugarsketcher,1
2303,raxmlgui,1
3904,etm-db,1
3903,ptr,1
3902,orthodisease,1
2323,gaev,1
3892,repeatsdb,1
3891,dorman,1
3890,imgt clonesearch,1
2341,ligand-gated ion channel database (lgicdb),1
3889,dragonfly,1
2343,coexnet,1
3887,unite rdna,1
2345,leaf,1
3886,find,1
3885,mobidb,1
2347,snpversity,1
2348,immunomebrowser,1
2349,hd-bet,1
3884,pan-tetris,1
2351,biocarian,1
2352,rootnav 2.0,1
3883,verifybamid,1
3893,overlap,1
3894,repro,1
2339,drugr+,1
3900,nthseqset,1
3901,pbwt-query,1
2324,rnaprobe,1
2325,genotypeeval,1
2326,iterm-pseknc,1
2327,prn,1
2328,cramtools,1
2329,simnibs 2.1,1
2330,immunedeconv,1
3895,kbase,1
3898,infrafrontier and the european mouse mutant archive (emma),1
3897,cometa,1
2332,epd,1
2333,europhenome,1
2334,scrabble,1
2337,drtext,1
2338,cistem,1
2426,ml-morph,1
2427,interpro,1
3837,proline,1
2513,gdtools_check,1
3786,messa,1
3785,bceconsensus,1
2518,wpd,1
2752,ibis,1
3782,scrnaseq_benchmark,1
2521,hierfit,1
3781,indexcov,1
2524,the brenda tissue ontology (bto),1
2525,gdhc,1
2526,biorepository portal toolkit,1
3779,rna virus genome database (rnavirusdb),1
3778,gametogenesis and reproductive tissue expression,1
2527,homologous series detection,1
2528,ppr-ssm,1
2529,antibac-pred,1
3777,re-annotator,1
2530,h4concur,1
2514,nimbleminer,1
3787,corum,1
2428,yeast gene order browser,1
2511,nextbio gene-centric data,1
2500,piranha,1
3798,rnam5cpred,1
3797,sconify,1
2502,treegraph 2,1
3796,riboflow,1
2503,avatree,1
2504,rlims-p,1
2505,mowserv,1
3795,virusbanker,1
3793,immunocluster,1
3792,saucie,1
2508,digsee,1
3791,sltchemdb,1
3790,mmcl,1
3789,qualimap,1
3788,biomartr,1
2510,gppf,1
3776,clinical-sentences,1
3775,sircah,1
2533,peryton,1
3774,echobase,1
3763,samirix,1
2552,snpdb,1
3762,goldilocks,1
2554,proteindbs,1
3761,pvctools,1
3760,gene set builder,1
3759,beadarray,1
2557,memtype-2l,1
2558,blast database manager,1
2559,pluto,1
3758,annotationdbi,1
2560,seqvec,1
3757,prodigy,1
3756,ncbi dbprobe,1
2563,rbcnet,1
3755,flowcal,1
2564,tramway,1
2550,dr.seq2,1
2549,formatomatic,1
3766,t-library,1
2541,biobert,1
2534,savr,1
3773,codonome,1
2536,falco,1
2537,nmrbox,1
2538,ml repo,1
2539,omicsdi,1
2540,goslin,1
2542,showorf,1
3768,predictionet,1
2543,itextmine,1
3772,mips mouse functional genome database (mfungd),1
3771,epig-seq,1
3770,article-based pubmed search engine (apse),1
2545,peptimapper,1
3769,prunetree,1
2547,pgg snv,1
2499,few-shot segmentation,1
3799,pathofact,1
3800,bart,1
2461,rnnimp,1
2446,fragfit,1
3826,csa,1
2447,tam 2.0,1
3825,bsf,1
2448,phisdetector,1
2450,bioplex 2.0,1
2451,phytebyte,1
2452,mtmdat-haddock,1
3823,googlegenomics,1
2453,ippi-esml,1
3822,american type culture collection (atcc),1
3820,alias,1
2455,ucsc genome browser,1
2456,glycan array dashboard,1
2457,repeatmasker,1
2458,progenomes,1
3819,dbest database of est sequences,1
2445,harman,1
2444,psmd,1
2443,converttranscriptfile_fastqtofasta,1
2436,merav,1
2429,gsc,1
3836,teak,1
2430,phenocam,1
2431,covtools,1
2432,skyline,1
3834,quantest,1
2434,pisces,1
2437,cellosaurus,1
3827,wgs-structvar,1
2438,cytoscape web,1
2439,imgt genesearch,1
2440,biojs-vis-wigexplorer,1
3831,taxmapper,1
3830,tibanna,1
3829,viromescan,1
3828,homologous vertebrate genes database (hovergen),1
2460,sprouts,1
3818,blur,1
2496,imsdb,1
2464,bcftools,1
3805,rtcga,1
2483,ebimage,1
2484,osml,1
2485,runbiosimulations,1
2486,lanceletdb,1
2487,almostsignificant,1
3803,smpdb,1
2488,visielse,1
3802,fitchi,1
2489,incidence,1
2490,bigdataprocessor2,1
2491,scavenger,1
2492,riken integrated database of mammals,1
2493,gemmer,1
2494,em-dat,1
3801,tandem2xml,1
2495,mcrestimate,1
3808,ripplenet,1
2479,acdpretty,1
2478,signor,1
2469,pyscnet,1
3817,tempo,1
2465,icellr,1
2466,geoss,1
3816,bridger,1
3815,pipeline pilot,1
3814,nibr 2d-page,1
2468,lxtoo,1
3813,odb,1
2476,musket,1
2470,praline-2-a,1
3812,nrprof,1
2472,vapor,1
3811,phen2gene,1
3810,lipase engineering database,1
2475,dsp,1
3809,seqtrace,1
2751,cistrome,1
3628,predictor,1
2753,tcgabiolinks,1
3435,affycompatible,1
3126,intomics,1
3127,gtdt,1
3128,swiss-2dpage,1
3433,pepsweetener,1
3130,assemblx,1
3432,quartataweb,1
3131,fromage,1
3132,apltomgfconverter,1
3431,robokop kg,1
3430,termine,1
3429,aquarium trade date data,1
3134,ub-isap,1
3135,tag-db,1
3136,chemspotlight,1
3137,sagenhaft,1
3428,lord,1
3138,dotdotdot,1
3125,pdb-blast,1
3436,uitagcreator,1
3140,nust,1
3437,ontoquestmain,1
3108,thermorawfileparser,1
3109,ihop ws,1
3449,mview (ebi),1
3110,svscore,1
3111,pseudocap pseudomonas genome database,1
3112,vcfhead,1
3447,peakc,1
3114,intenz,1
3115,ppfinder,1
3446,wormmine,1
3445,phewas-me,1
3118,sci.ai,1
3119,treejuxtaposer,1
3443,dbcan2,1
3121,analysispageserver,1
3440,mouse genome database (mgd),1
3439,roary,1
3139,elixir elearning platform,1
3427,rcellminer,1
3173,plantpepdb,1
3416,metacram,1
3415,dssp secondary structure database,1
3159,brat,1
3160,applemdo,1
3161,digestiflow,1
3162,abi2xml,1
3411,phenx toolkit,1
3410,ctc,1
3409,deepsymnet,1
3164,pymzml,1
3408,picnic,1
3165,swiss-model repository,1
3407,give,1
3167,fasthmm,1
3406,fqduplicate,1
3169,uniprobe,1
3170,nsltp,1
3405,fqquality,1
3157,pmdb,1
3156,rxivist.org,1
3426,fossahul,1
3155,biolabeler,1
3142,dose,1
3143,samjavascript,1
3144,wgcna,1
3425,livebench,1
3424,gdtools_intersect,1
3423,schicnorm,1
3422,nf-core-viralrecon,1
3421,ests source,1
3420,hpar,1
3147,aquaria,1
3418,protmiscuity,1
3149,sequence maneuverer,1
3417,fasta (ebi),1
3150,triovis,1
3152,predictsnp2,1
3153,argot2,1
3154,matt,1
3107,autorelacs,1
3106,metashot,1
3450,phasepro,1
3482,sampledrift,1
3480,sepia,1
3061,genomicus-tunicates,1
3062,neurocs,1
3063,coremine medical,1
3479,discovery environment,1
3064,nextgen utility scripts,1
3065,fusion,1
3066,volare,1
3478,matchmaker exchange,1
3477,qcewas,1
3068,pedcut,1
3476,pydca,1
3069,xps,1
3070,hiv-drlink,1
3071,expression atlas,1
3475,pixie,1
3073,drfit,1
3059,secisaln,1
3483,frogs_biom_to_stdbiom,1
3104,dictybase,1
3057,biojs-rest-ensembl,1
3042,nannocholopsis gaditana database,1
3043,fastqvalidator,1
3044,gcnet,1
3489,phred,1
3045,genomicfiles,1
3046,export_sbw,1
3047,egassembler,1
3488,biogui,1
3048,virtual pharmacist,1
3049,samplesheet.py,1
3485,poseidon,1
3051,ihp-ping,1
3052,diversityimageinspector,1
3484,qualifier,1
3054,midrmpol,1
3055,iobio,1
3056,metandem,1
3074,sw-tandem,1
3075,topaz,1
3076,hippo,1
3473,quosa,1
3093,rgraph2js,1
3094,hybridcheck,1
3464,meltdb,1
3095,legumemine,1
3463,pharmmapper,1
3462,promoser,1
3461,hmmfetch (genouest),1
3097,mothur_krona,1
3458,rsat suite,1
3100,crosscheck,1
3457,regionalhapmapextractor,1
3456,mmmdb,1
3101,gsuite hyperbrowser,1
3455,epimir,1
3454,cgidla,1
3451,nospace,1
3103,blastgraph,1
3092,neuropycon,1
3091,aphirm toolkit,1
3090,chemagg,1
3082,utrsite,1
3472,kvarq,1
3077,blackfan anemia mutation database,1
3471,picard,1
3078,patchwork,1
3470,visinets,1
3080,nutrichem,1
3081,colicoords,1
3083,gwas catalog,1
3465,profkin,1
3084,plangexq,1
3085,zeus alpha,1
3086,cfassay,1
3087,pmat,1
3468,chia-pet2,1
3089,imgt 3dstructure-db,1
3466,hicexplorer,1
3172,pathway tools,1
3404,lipidomics,1
3490,comw,1
3269,rdnaanalyzer,1
3272,smudgeplots,1
3358,singlecellnet,1
3357,wbnpmd,1
3274,compendium of protein lysine acetylation (cpla),1
3275,gtacg,1
3356,straw,1
3355,mgx,1
3354,mupet,1
3353,alzgps,1
3277,argonaut,1
3352,tmatch,1
3279,neuronactivitytool,1
3280,grip,1
3281,unitrap gene trap clones,1
3282,pts,1
3350,arraytrack,1
3349,shambhala,1
3271,facta plus,1
3359,preprocesscore,1
3285,biomenet,1
3362,annotationfilter,1
3374,genes by transmembrane domain count,1
3254,pathways analyzer,1
3255,progeo-neo,1
3256,odna,1
3371,monosaccharide database,1
3370,frog,1
3259,massytools,1
3260,mixcr,1
3369,hdvdb,1
3368,ornament,1
3262,bionode-fasta,1
3367,amass,1
3366,pathifier,1
3264,uropa,1
3265,icataly-pseaac,1
3364,coreslicer,1
3363,plumed,1
3284,rseqflow,1
3286,epivizr,1
3175,splicelauncher,1
3341,goa,1
3340,iomics,1
3314,riddle,1
3315,cropper,1
3316,simconcept,1
3338,homolens,1
3337,nf-core-cageseq,1
3334,fragger,1
3319,blacksheep,1
3320,generax,1
3333,relna,1
3321,aggrescan3d,1
3322,complexbrowser,1
3331,seamis,1
3324,tripal mapviewer,1
3326,instantdl,1
3327,noreturn,1
3330,huge,1
3311,pyboat,1
3309,peroxisomedb,1
3289,chipenrich,1
3308,pm4ngs,1
3290,database of genes from ncbi refseq genomes,1
3291,cogeme,1
3293,localmove,1
3295,the protein geometry database (pgd),1
3296,clip-explorer,1
3297,pylandstats,1
3346,agat,1
3298,glutantbase,1
3345,ggrna,1
3300,alientrimmer,1
3301,facepai,1
3302,nf-core-methylseq,1
3303,sbpipe,1
3304,coil,1
3305,facs,1
3342,assembling the fungal tree of life (aftol),1
3307,useq,1
3375,assemblyget,1
3252,lipidmatch normalizer,1
3376,autopvs1,1
3195,ferret,1
3197,cather,1
3198,somalier,1
3199,pads arsenal,1
3399,celltracer,1
3201,lpcf,1
3202,diana-microt v5.0,1
3203,elimu-mdx,1
3204,meqa,1
3205,getorf,1
3207,graphein,1
3208,arraytv,1
3396,chickpeamine,1
3210,pgxlod,1
3211,colmarm,1
3212,metumpx,1
3213,uastools,1
3394,pirsf whole-protein classification database,1
3196,hive_panel_explorer,1
3400,genolist comparative analysis of microbial genomes,1
3251,data information system (daisy),1
3194,trichomonas genome resources (trichdb),1
3176,pecora,1
3178,pwas,1
3179,pepxml2excel,1
3180,metmatch,1
3181,bseqc,1
3182,3d-partner,1
3184,lailaps-qsm,1
3185,repeataround,1
3186,inforesidue,1
3402,agplus,1
3188,pathwaymatcher,1
3189,oncoscore,1
3190,tcga2stat,1
3191,hayai-annotation plants,1
3192,narrowpeaks,1
3401,dmeas,1
3193,david ws,1
3215,ncbi taxonomy database,1
3393,chomine,1
3391,metabosearch,1
3217,peritumoral regions,1
3383,penncnv,1
3237,motorneuron,1
3238,fastqc_toolshed,1
3239,silva rrna database,1
3381,trimspace,1
3240,velvet,1
3241,imgt geneinfo,1
3242,peakonly,1
3379,etriks,1
3244,autocoev,1
3378,ssw,1
3377,consensusseeker,1
3246,ecrbpome,1
3247,mstmap,1
3248,doubletdetection,1
3249,globalfungi,1
3250,gostats,1
3384,adpribodb,1
3234,mirtex,1
3233,svist4get,1
3388,pepbuild,1
3389,hmp2,1
3218,scale4c,1
3219,rnf,1
3220,plasmapper,1
3221,autogridfr,1
3222,prophecy,1
3223,kaas,1
3224,psafe,1
3385,alyx,1
3225,gtrd,1
3227,trnadb-ce,1
3228,snr,1
3229,intergr8,1
3231,proticdb,1
3232,prinseq,1
3386,gemstone,1
3040,amphoranet,1
3039,craft,1
2754,netbox,1
2842,sa-mot,1
2844,gcocoa,1
3610,u-ant,1
3609,caps-db,1
2846,bedtools_genomecoveragebed_histogram,1
2847,pathview,1
2848,tcr,1
2849,bykdb,1
2850,oases,1
3608,showpep,1
3607,readfastafile,1
2852,pipemem,1
3604,pixy,1
2854,bioactive conformational ensemble,1
3603,get-it,1
2857,pmap-cutdb proteolytic event database,1
2858,bertmhc,1
2859,go2vec,1
2843,entrez protein clusters,1
2841,pepvis,1
2860,opa1,1
3611,miga,1
3619,bermuda,1
2827,a-game,1
2828,pharos,1
2829,qudi,1
3618,samtools_sort,1
3617,prmdb,1
2830,hgvbase,1
3616,mrdp,1
2831,qubils-mas,1
3615,rols,1
3613,chipchipnorm,1
2834,diatools,1
2835,ikmc,1
2836,echo,1
3612,ecid,1
2839,fasta canonical sequences,1
2840,table,1
3600,bs-snper,1
2861,genomereviews,1
2893,transcriptator,1
3581,seal,1
2878,pawfe,1
3579,qubekit,1
2879,enzyme - enzyme nomenclature database,1
2880,arbitrator,1
3576,arbitr,1
2881,malini,1
2882,iedea,1
3575,annmap,1
2884,tvt viewer,1
2885,campp,1
2886,anaquin,1
3573,amigo 2,1
2888,aclame,1
3572,pedican,1
3570,crumbler,1
2890,additivechem,1
2891,seattlesnps variation discovery resource,1
3580,gnomo,1
2876,bioscripts.convert,1
3597,fastr3d,1
2875,treegibbssampler,1
3593,hiannotator,1
2863,cancerclass,1
3591,genbank_to_gene,1
2865,nxtrim,1
2866,uni-em,1
2869,genemates,1
3589,lnkg2lmlnk,1
3588,depicter,1
3586,xipp,1
3585,galactic circos,1
2871,dreamtools,1
3584,phylogenize,1
2872,phonbank,1
3583,genomicus,1
3582,rehr,1
2873,scowl,1
2874,multimir,1
2825,zirmi,1
2824,hydrogen_bondifier,1
3620,gxa expt,1
2771,autotune,1
2773,pyicoteo,1
2774,biomvcclass,1
2776,bioexcel building blocks tutorials: command-line workflows,1
2777,gpi-anchor biosynthesis,1
3647,el_pssm-rt,1
3646,openphacts-vis-compoundinfo,1
2780,kmx,1
3645,hybridmine,1
3643,regionconnect,1
2783,prettyplot,1
3640,archr,1
3639,ensembl genomes protists id history converter,1
2785,metagen,1
2786,nf-core-atacseq,1
2787,patternexplorer,1
2788,modbase,1
2789,seqvartools,1
3651,picr,1
2770,transport classification database (tcdb),1
2823,imp-sampcon,1
2769,bagel3,1
3663,comparative genometrics cg database,1
3662,arrayexpress,1
2755,clusterscan,1
3661,patentin,1
3660,maxreport,1
2756,proteoqc,1
2757,gigwa,1
2758,methmarker,1
3659,smallanimalmrghifu,1
2760,proteomicsannotationhubdata,1
2761,pims lims,1
3658,sda,1
3654,panomicon,1
2766,drugevar,1
2767,sctype,1
2768,samsa,1
3652,rana-seq,1
3637,berex,1
2790,panoply,1
2791,ms-gf+,1
3636,impcdata,1
2808,ensembl genomes metazoa id history converter,1
2809,receem,1
3627,reganalyst,1
3626,prosolo,1
3625,becas,1
2812,njmerge,1
3624,webscipio,1
3623,genotyping - ncbi,1
2814,oligomap,1
3622,pyplif hippo,1
2815,ce-mc,1
2816,stemchecker,1
2817,spike,1
2820,conkit,1
2821,affyilm,1
3621,yeastract,1
2822,bus-gan,1
2807,mtctscan,1
2806,cpmcglm,1
2805,opensnp,1
2799,dipcheck,1
3635,vic,1
3634,rsat retrieve matrix,1
2794,comptox chemistry dashboard,1
2795,probamr,1
2796,subphospred,1
3633,biomas,1
2798,ewce,1
2800,damidseq_pipeline,1
2804,massarray,1
3632,vcpa,1
3631,genedb database,1
3630,geneweaver,1
2802,coseq,1
2803,bambus,1
3629,profumo,1
3328,pmbd,1
2892,apollo genome annotation and curation tool,1
3569,openswath,1
3491,som,1
2990,genomicus-plants,1
2992,open phacts,1
2993,cssp,1
2994,huskindb,1
2995,treeexp,1
2996,circfunbase,1
2997,flexbar,1
3513,3d-xguide,1
2998,abi2link,1
3512,cibex,1
3510,rna-seq pipeline,1
3509,irefindex,1
3000,snpsnap,1
3001,the gem (genome multi-tool) library (gem mapper),1
3002,beespace navigator,1
3003,xmapbridge,1
3004,hurdle,1
3508,tagdust,1
2991,metacrast,1
2989,bovinemine,1
3006,bjass,1
2988,peak2bed,1
2972,mlstar,1
2974,gt-pro,1
3521,nnnorm,1
2975,proteopedia,1
2976,tileqc,1
2978,transcup,1
3518,cellbase,1
2979,lncrnadb,1
2980,genesnps,1
2981,readat,1
3517,harp,1
2982,md-lovis,1
3516,molloc,1
3515,ribbon,1
2985,citexplore literature database,1
2986,proteomatic,1
2987,mascot parser,1
3005,tcellsubc,1
3007,ebi patent sequence database,1
2895,exploreasl,1
3023,pie the search,1
3025,pgxmine,1
3026,fretbursts,1
3027,upobase,1
3498,exomiser,1
3028,urms,1
3497,wptherml,1
3496,phylogenetics_at_jst,1
3030,cipres,1
3031,cytonorm,1
3495,memhdx,1
3494,pcrclipreads,1
3033,acep,1
3493,ukpmc,1
3034,blast2go,1
3035,hmmconvert (genouest),1
3492,cerebro,1
3037,bionev,1
3024,cohorts,1
3022,mtgo-sc,1
3008,litinspector,1
3499,ensembl genomes,1
3507,rd-connect,1
3009,genbank2gff3,1
3505,collbook,1
3010,nextgene,1
3011,racs,1
3012,seqprocess,1
3013,rgreat,1
3014,thalemine,1
3504,phaedra,1
3015,famd,1
3503,mecat,1
3502,sabund,1
3501,genomizer,1
3018,magendb,1
3500,fabia,1
3020,geneimprint,1
3021,orientations of proteins in membranes database,1
2971,zincbind,1
3525,pmlipred,1
3526,haplotype explorer,1
2916,drams,1
2918,rhdf5,1
3555,adherer,1
2919,xplatcom (cross platform commander),1
2920,ensembl genomes fungi id history converter,1
2921,celltag,1
2922,opencravat,1
2923,phildb,1
2924,sam2tsv,1
2925,bactag,1
2926,peanutmine,1
2927,python video annotator,1
3550,ardap,1
2929,plastrans,1
3549,swisstargetprediction,1
2931,bprmeth,1
3548,messar (metabolite substructure auto-recommender),1
2932,pygbe,1
2917,fastx::reader,1
2915,paxtools,1
3527,numt,1
2914,tbi,1
2896,quandenser+triqler,1
3567,biolad-db,1
2898,seagrass zmu genome,1
2899,readxplorer,1
3565,protac-db,1
2901,bsnet,1
3563,unicarb-db,1
2903,rd-connect sample catalogue,1
2904,bamhash,1
2905,tandem splice site database (tassdb),1
3562,iscore,1
2906,slidesort,1
3559,eggnog-mapper,1
3558,comparems2,1
2910,eegnet,1
2911,biobike,1
2912,morpheus,1
3547,seabed,1
3546,bionode-ncbi,1
3545,fraser,1
3544,konstanz information miner (knime),1
2952,tsea-db,1
2953,oncowiki,1
3534,mdfptools,1
3533,igvtools,1
2956,mycelyso,1
2957,phytomine,1
2958,wossoperation,1
2959,rdt,1
2960,textsearch,1
2962,amplikyzer,1
2963,nextprot,1
2964,zebrafishmine,1
3531,genbank nucleotide sequence database,1
3530,yrgate,1
3529,coss,1
3528,chronos,1
2969,hrnet,1
2951,impmd,1
2950,easeq,1
3535,alienness,1
3539,oligocalc,1
2934,casp,1
3542,discovery,1
2937,maxic-q,1
2938,annotategenomicregions,1
2939,microbial genome viewer,1
2940,pcscs,1
2941,qifp,1
2942,complex+,1
2948,sincell,1
2943,cuticledb,1
2944,nif registry search,1
2945,idna6ma-rice,1
3538,dewe: differential expression workflow executor,1
3537,rnainteract,1
2947,interminer,1
3536,targetedretrieval,1
2285,phenomenal,1
1961,baca,1
2283,quadtrim,1
739,spliceaid,1
728,dasir,1
729,neurochat,1
730,aivar,1
732,mouse genome informatics (mgi),1
733,xenocp,1
734,indigomine,1
735,conservation archive,1
736,rebaseextract,1
737,roadmap epigenomics,1
738,qtqda,1
740,vfdb,1
725,cct,1
741,sumrep,1
742,bambino,1
743,crup,1
744,alumine,1
745,webprc,1
746,lims tools,1
747,awcluster,1
748,the world-2dpage database,1
749,inparanoid,1
751,genocanyon,1
726,mico,1
724,4dgenome,1
825,sciluigi,1
705,ricerelativesgd,1
685,pannzer2,1
686,passim,1
687,cbs das protein viewer,1
691,cytogps,1
695,comprehensive yeast genome database (cygd),1
698,oswitch,1
699,um-pps,1
700,terrestrialmetagenomedb,1
701,blood exposome database,1
703,pap,1
706,treeio,1
723,key pathway miner,1
707,xmipp,1
708,gwidd,1
710,yaps,1
711,gpps,1
713,micropie,1
714,gmata,1
715,asrd,1
717,genominator,1
718,visionet,1
720,arion 4 omics,1
752,hypercluster,1
755,micropro,1
758,psar,1
809,wigwams,1
793,primerbank,1
797,gaggle,1
798,signalspider,1
799,phyloregion,1
801,epigeec,1
802,gtz,1
804,cleanex database of gene expression profiles,1
805,sigprofilermatrixgenerator,1
806,picky,1
807,multi-fingerprint browser,1
811,viva,1
759,imgt 2dstructure-db,1
812,paratome,1
813,geia,1
815,rankergui,1
817,coexpresso,1
818,prosmos,1
819,fatcat,1
820,sbwt,1
821,causal-extractor,1
822,mlml2r,1
823,bellerophon,1
792,fhitings,1
791,prints protein motif fingerprint database,1
790,listinputs,1
789,html4blast,1
760,egmrg,1
761,tximeta,1
762,tagdust2,1
763,bioswitch,1
764,structure_threader,1
765,snphood,1
766,centrifuge,1
767,pymol,1
768,flipper,1
771,gpse,1
775,p2cs,1
776,xsult,1
778,jamss,1
781,bamsi,1
782,tuberculist,1
783,showseq,1
784,evr,1
785,synthesis-view,1
786,peroxibase peroxidase family database,1
787,rpsixml,1
788,saver-x,1
684,uniprot reference clusters (uniref),1
683,gosim,1
682,lncrnator,1
602,lincs canvas browser (lcb),1
587,molden,1
588,phenogmm,1
591,multi-q,1
592,genomicus-fungi,1
593,export,1
594,ncbi database of sequence tagged sites,1
597,exonfinder,1
598,structator,1
600,rainbio,1
601,movies,1
604,imgt locusview,1
619,i-lbr,1
605,cga tools,1
606,cancer genome anatomy project,1
607,dr.vis,1
609,lungmap,1
610,cyp21,1
611,kegggraph,1
613,paperbot,1
615,cabnet,1
616,dima domain interaction map,1
617,vessmorphovis,1
586,diversitysamplingplots,1
585,nanotiler,1
584,astalavista,1
582,mlst-db,1
553,hs-blastn,1
554,netml,1
556,pyrates,1
557,atlasbrex,1
558,infobase,1
559,tpot,1
560,agcoh,1
561,gdtools_apply,1
562,bionda - biomarker database,1
564,lcmix,1
565,readdepth,1
566,do,1
567,dbxgcg,1
568,rappas,1
569,rainbowstorm,1
571,psoda,1
572,spiral genetics,1
575,ggroups,1
576,corderly,1
577,nmff,1
578,colocr,1
618,soapnuke,1
620,melad,1
680,ontocat,1
663,msdb,1
653,tilling,1
654,epitad,1
655,zombi,1
656,hpaanalyze,1
657,riscoper,1
658,sentinel-1 slc,1
659,nmtf,1
660,chromas,1
661,gcac,1
662,bubastis,1
664,flowtrans,1
621,fast-lmm,1
665,prer,1
668,qap,1
670,dbvar,1
671,beamdelta,1
672,grass,1
673,cell cycle database (cellcycledb),1
676,cytoconverter,1
677,hd-explosion,1
678,a2a,1
679,proin-fuse,1
652,lava,1
651,pulse,1
650,imager-4d,1
649,biojs-io-annots,1
622,poplddecay,1
624,mtprotevol,1
625,rmscopii,1
626,genevestigator,1
627,awst,1
628,mlibrary,1
629,crosslinkwgcna,1
630,genebase,1
631,sarek,1
632,pdbextract,1
633,tsdd,1
634,piling,1
635,gazer,1
636,agilepairedendreadscombiner,1
638,hipsec,1
639,chemminer,1
640,miamaxent,1
644,ohnologs v2,1
645,quickgo,1
647,multi experiment matrix (mem),1
648,psi-mouse,1
824,bel commons,1
826,enmix,1
551,immunodeficiency mutation databases (idbases),1
1016,arrayqualitymetrics,1
1002,rtcgatoolbox,1
1003,aresite,1
1004,multilayer extraction,1
1006,protemot,1
1007,chemical checker,1
1008,lmgene,1
1011,picard_reordersam,1
1013,vikngs,1
1014,snoopcgh beta,1
1015,ampl,1
1017,biobayesnet,1
1000,npd ws,1
1018,xia2,1
1020,compassxport,1
1021,blast (ebi),1
1025,compareoverlappingsmallquery,1
1026,bcl::conf,1
1029,ndd,1
1030,psi4,1
1032,koffi,1
1033,psicquic view,1
1036,nlprot,1
1001,multperf,1
999,molmeth,1
830,cmweb,1
984,qgis,1
971,ptrbc,1
972,methylaid,1
974,alphatracker,1
976,organismdbi,1
977,prcbench,1
978,ometa,1
979,complete arabidopsis transcriptome database,1
980,shot,1
981,gecont 2,1
983,rloom,1
986,unicatdb,1
998,drfinddata,1
987,finestr,1
988,dia-umpire,1
989,phire,1
990,causal inference enrichment (cie),1
991,hla-emma,1
992,beaddatapackr,1
993,unique peptide finder (upf),1
994,kgem,1
995,gapfinisher,1
996,t2d converter,1
1037,imagehts,1
1038,pharmd,1
1039,fas2nex,1
1097,mrcfile,1
1080,adenita,1
1081,whopgenome,1
1084,pubchem bioassay service,1
1087,r.sambada,1
1088,mirtop,1
1091,wge,1
1092,progenetix,1
1093,covid-19 knetminer,1
1094,dna rchitect,1
1095,lyopronto,1
1099,lion-web,1
1040,rmdisease,1
1100,european virus archive,1
1101,seqbench,1
1102,solid_qual_boxplot,1
1103,mview api (ebi),1
1105,jrgui,1
1107,soyfn,1
1108,igv,1
1109,aitl,1
1110,spharm-pdm,1
1111,bubble gum,1
1079,granvil,1
1078,genepalette,1
1076,qmsat,1
1075,ngsrich,1
1041,imgt gene-db,1
1042,codon usage similarity index (cousin),1
1044,balboa,1
1045,enigma,1
1047,mmssimilarity,1
1048,genomegraphs,1
1054,kissde,1
1056,gse,1
1057,maftools,1
1058,turbonorm,1
1060,yaqcaffy,1
1061,olego,1
1062,anticlust,1
1063,mviam,1
1065,archdb14,1
1066,sampler,1
1067,t cell classification,1
1068,nf-core-chipseq,1
1070,faidare,1
1072,rasp,1
1073,tool recommender system in galaxy using deeplearning,1
970,proteins api,1
969,aom2s,1
968,amelie,1
877,podkat,1
863,virbin,1
864,logiqa,1
865,picard_fastqtosam,1
866,xml2tsv,1
867,repairtoire,1
871,orphanet,1
872,rbgl,1
873,bioexcel genome sequence quality control workflow,1
875,hemomips,1
876,catalysis hub,1
878,brassicaedb,1
899,tractoflow,1
883,graphclust2,1
884,pine,1
885,mafco,1
887,ezimputer,1
888,pileup2cov,1
890,crispr explorer,1
891,clima,1
892,hatspil,1
894,agmata,1
895,sbmllint,1
862,gp4,1
860,biostructures.jl,1
859,prokaryote rna sequence analysis workflow,1
857,phosphositeanalyzer,1
832,wheatmine,1
833,causaltrail,1
834,qsar-co-x,1
835,fit,1
837,notch,1
838,missequel,1
839,nassam,1
840,bio.tools,1
842,dicomtypetranslation,1
843,itsonedb,1
844,flowdiv,1
846,phyloligo,1
847,caleydo,1
848,vcf2networks,1
849,ngsrelatev2,1
850,hive,1
851,jasmine,1
852,mutplot,1
853,indigenomes,1
854,ienhancer-ecnn,1
855,seek,1
896,gwena,1
900,orest,1
967,tfextract,1
949,mbwa_wrapper,1
938,pydish,1
939,gold,1
940,cgview,1
941,gviz,1
942,mirspring,1
943,excape-db,1
945,rxn,1
946,mishima,1
947,ageguess,1
948,domac,1
950,chemsar,1
901,mzid,1
952,tradeseq,1
956,sts,1
958,hash-cgmlst,1
959,redata,1
960,vsdmip,1
961,nohtml,1
962,haarseg,1
964,pyoif,1
965,bktree,1
966,imgt primer-db,1
937,prosextract,1
935,hmdbquery,1
934,interactive tree of life (itol),1
930,lstd,1
902,metdb,1
903,ibws: ist bioinformatics web services,1
905,gtex,1
907,metab,1
908,epigraph,1
909,imos,1
910,sirnadb,1
911,sans,1
912,aplcms,1
914,jacks,1
915,ffpecap-seq,1
916,boiler,1
918,toxoplasma genome resources (toxodb),1
919,id history converter,1
920,vader,1
922,pharmgkb,1
923,mpiutils,1
924,cistopic,1
926,gomcl,1
927,beclear,1
929,quin,1
552,biont,1
550,pymeshsim,1
2282,strand ngs,1
189,grid map,1
178,coderet,1
179,revercsp,1
180,flureassort,1
181,greg,1
182,metapathways,1
183,umd,1
184,sisyphus database of protein structure alignments,1
185,hydra,1
186,dmrcate,1
187,ciona robusta anatomy and development ontology,1
190,gisa,1
176,qvz,1
191,genemania,1
194,og,1
195,open phacts api,1
197,mite digger,1
198,fmm,1
199,arrayquality,1
200,sbp_2019,1
202,sevenbridges,1
206,readqpcr,1
207,riboseqr,1
177,customprodb,1
175,pird,1
286,rnaeditingatlas,1
161,kddn,1
148,system biology platform,1
149,mmb-irb data repository api,1
150,kindock,1
151,modmine,1
152,supertarget,1
153,bioafmviewer,1
155,hymenopteramine,1
156,reptar,1
158,coraltbase,1
159,alternative splicing prediction database (aspicdb),1
162,topology data bank of transmembrane proteins,1
174,diana-mirgen,1
163,stellar,1
164,convert,1
165,2dimpute,1
166,chebi,1
167,bagging-svm,1
168,docker4seq,1
170,mitozoa,1
171,pina,1
172,nf-core-smrnaseq,1
173,qcanvas,1
208,allergome,1
209,mbv,1
210,hvint2.0,1
269,biojs-vis-sam,1
254,decomptumor2sig,1
255,plasmidhawk,1
256,qbed,1
258,displayfam,1
259,phenopred,1
261,keypathwayminer,1
262,htseqcount,1
263,metarnamodules,1
265,abs,1
268,mud,1
271,oryzabase,1
211,tigrfams  protein family database,1
273,void editor,1
274,biobb mutations workflow,1
275,prodom protein domain database,1
277,bioseqclass,1
278,lunggens,1
279,panorama,1
281,soggi,1
282,das-tmfilter,1
283,normal,1
284,pathfxweb,1
252,bio2bel,1
246,raedb,1
245,amos,1
244,amr,1
212,intact,1
213,metdisease,1
214,fastafrombed,1
216,reformat_snpeff_for_syntview,1
218,pronetview-ccrcc,1
219,kmcex,1
220,speclust,1
221,masqot-gui,1
223,biojava,1
224,bionode-sra,1
226,disnor,1
227,meffil,1
230,vtools,1
232,motif-x,1
233,knime - phenotyping of image data,1
234,bioqc,1
237,escdb,1
238,catana,1
239,iuphar bps guide to pharmacology,1
242,colombos,1
243,pfond,1
146,srna workflow,1
145,bsgenome,1
144,smfbox,1
55,autogenes,1
39,iedb-3d,1
42,jvarkit ,1
43,vespucci,1
44,locdb,1
45,ikaptive,1
46,hapfabia,1
49,genepattern notebook,1
51,cytomegalovirus database (cmvdb),1
53,mpea,1
54,3uss,1
56,jd2stat,1
77,interelementgff,1
57,imgt domaindisplay,1
58,osteogenesis imperfecta collagen mutation,1
61,togowsddbjgibvservice,1
63,uniprot id mapping,1
64,cdh,1
65,hgtector,1
66,2d-page,1
68,simug,1
74,dta to mgf file converter,1
75,dna chromatogram explorer,1
35,regutools,1
34,capturecompendium,1
33,bedgraphtobigwig,1
32,proteindiffraction,1
3,pathway extraction,1
4,spotsegmentation,1
5,allen brain atlas,1
6,piano,1
8,pdbinout,1
9,odae,1
10,findpeaks 4.0 (vancouver short read package),1
14,watchdog,1
15,online-chem,1
16,fish oracle,1
18,bin3c,1
20,flipflop,1
23,mitoseek,1
24,panoptes,1
25,chordomics,1
26,clusterflow,1
27,metfrag,1
28,wordcount,1
29,rpx,1
30,protobug,1
31,biojs-vis-inchlib,1
76,samblaster,1
78,interpeprank,1
143,fungenes,1
126,aging mouse brain,1
112,hippocampome.org,1
113,msgfdb2pepxml,1
115,fair,1
116,cammiq,1
119,ensembl genomes bacteria id history converter,1
121,out2summary,1
122,amtdb,1
123,vcfanno,1
124,sting,1
125,xtractor,1
127,protsav,1
81,streamer,1
130,utrdb,1
132,wossdata,1
133,gamibhear,1
134,cascabel,1
135,ploc_bal-meuk,1
136,dpvweb database of plant viruses,1
138,rascore,1
139,matrisomedb,1
141,colorado-3d,1
142,gbol,1
111,leb,1
110,biostrings,1
108,diversitydescriptions,1
107,mrbump,1
82,amazonforest,1
83,proteome analyst,1
84,bio-dia,1
85,dbigcg,1
86,microbiomer,1
87,metgem,1
88,pathext,1
89,the extensive de novo te annotator (edta),1
90,peptideatlas peptide database,1
91,simbindprofiles,1
92,gs-lage,1
94,g-sqz,1
96,footer,1
98,wmaxc,1
99,hlassign 2.0,1
100,ffpe,1
101,wg-blimp,1
102,mircomp,1
104,hicbricks,1
105,wce-agdn,1
106,lionessr,1
285,metageneannotator,1
287,fastqc,1
547,genbank_convertor,1
468,yass,1
457,edinburgh mouse atlas emap,1
458,elmmatcher,1
459,phelige,1
460,seqretsetall,1
461,ildgdb,1
462,wikidata,1
463,1000genomes,1
464,pygold,1
465,arapheno,1
466,abasy atlas,1
471,srnaanno,1
455,ioniser,1
472,metabolights,1
473,skimmr,1
474,seqxrefget,1
475,dna baser,1
476,goby framework,1
477,autosnpdb,1
479,copywriter,1
480,isima,1
482,servertell,1
483,bedtools_coveragebed_counts,1
456,zooma,1
454,viewit,1
288,ngscheckmate,1
435,chipper,1
421,microbiomebpr,1
423,proteus,1
424,araport,1
425,predictivenetworks,1
426,shifty,1
429,reinvent,1
430,isomir_find,1
431,3v,1
433,fqseqpair,1
434,ricopili,1
437,vegmarks,1
452,rmsicleanup,1
439,barcode generator,1
440,dbgap,1
441,aber-owl,1
443,genepublisher,1
444,hfv,1
445,rediportal,1
448,mavedb,1
449,v-xtractor,1
450,pedagog,1
451,tdnascan,1
484,bamm-sc,1
485,fastaextract,1
486,clinotator,1
531,h++,1
520,matchbox,1
521,antigendb,1
522,btod,1
523,cyanobase,1
525,delayedarray,1
526,synbiohub,1
527,pir,1
528,econvrbp,1
529,ngsmethdb,1
530,oakmine,1
532,pytfm,1
488,phyloseq,1
533,beadnet,1
534,methplotlib,1
536,pint,1
537,icorn,1
538,seq-annot,1
539,bat detective,1
540,admixturegraph,1
541,rcasc,1
543,metaxa,1
544,mhcquant,1
519,pubterm,1
518,sammi,1
517,utrome,1
514,odobd,1
489,bedtools_bamtobed,1
490,gpsno,1
491,mrs,1
492,dep,1
493,snm,1
494,bionumerics,1
496,mapanalyzer,1
497,twofeat,1
500,smog,1
501,pancreatic expression database (ped),1
502,surfcut,1
503,lst,1
504,idmappingretrieval,1
505,haplotypeanalysispipeline,1
506,diark - a resource for eukaryotic genome research,1
507,cancermine,1
508,proteomicsdb,1
509,nf-core-rnaseq,1
510,sitk-ibex,1
511,ippd,1
513,bagel,1
420,bstools,1
419,seqtypedetect,1
417,victree,1
335,omicfpp,1
322,pmsearch,1
323,mmdb_mouse,1
325,absolute concentration robustness explorer (acre),1
328,proteomill,1
329,clean reads,1
330,soymine,1
331,compss,1
332,tzmd,1
333,gcanno,1
334,xnat.bmia.nl,1
336,ppnid,1
351,bispark,1
337,deep docking,1
338,gwfasta,1
339,proovread,1
340,ped_draw,1
341,human gene nomenclature database (hgnc),1
343,urqt,1
344,interevol,1
345,fasta_to_phylip,1
346,tpmcalculator,1
347,v-pipe,1
321,pyfaidx,1
320,mircat,1
319,silicon microprobes,1
318,precise,1
289,variantbam,1
290,viral bioinformatics,1
291,tfanalysis,1
293,bactmap,1
294,cadre genomes browser,1
295,feather,1
296,ledpred,1
297,phospho.elm,1
300,gpcr-ca,1
301,toppcluster,1
302,listannotation,1
303,spring,1
304,ftdock,1
307,pss-sql,1
308,p53,1
310,transmir,1
311,metadome,1
312,amplicontagger,1
314,vase,1
315,orbit,1
316,flowworkspace,1
349,varan,1
356,mdqc,1
416,rnasnap2,1
401,chlamdb,1
390,sickle,1
391,qq-snv,1
392,sf-matching,1
393,salad,1
394,hammlet,1
395,restauro-g,1
396,msgfgui,1
397,bioccheck,1
398,linearfold,1
399,pombase vep,1
402,dnazip,1
358,sfmap,1
403,rna editing database (redidb),1
404,sonata,1
406,qdb (query driven biclustering),1
407,omero-lib,1
408,tera,1
409,drllps,1
412,ssnet,1
413,mexcowalk,1
414,hiccompare,1
415,mimic-cxr,1
389,saqc,1
387,seqassem 200807- molecular sequence assembly,1
385,online sbml validator,1
384,typhon beta,1
360,warp,1
361,compareoverlappingsmallref,1
362,vhcub,1
363,pamgeneanalyzer,1
364,msmseda,1
365,evntextrc,1
366,transformer-cnn,1
367,frogs_preprocess,1
368,k-map,1
369,pore,1
370,xchemexplorer,1
371,uap,1
373,devis,1
375,worfdb,1
376,plecdom,1
377,e3miner,1
378,cone snail toxin database conoserver,1
379,drug2gene,1
380,prosplicer,1
381,py-em,1
383,catalysis-hub.org,1
1112,staden io_lib,1
1113,nxsensor,1
1115,bel2abm,1
1904,genomicus-metazoa,1
1889,prokaryotic protein phosphatase database (pptasedb),1
1891,phagexpress,1
1892,gelbank,1
1893,treehouse,1
1896,lashis,1
1897,xtract,1
1898,holovir,1
1899,pcaexplorer,1
1901,plier,1
1902,bioviz connect,1
1905,3dligandsite,1
1885,extractfeat,1
1907,lamma,1
1908,cryoem ontology,1
1910,mygenomebrowser,1
1912,abpoa,1
1913,bioconductor wrapper for ensembl vep,1
1914,quasitools,1
1915,biojs-io-matrix,1
1918,usort,1
1919,selectbesthit,1
1920,pertinint,1
1887,grein,1
1884,tfbstools,1
1992,cellmicrocosmos 4 pathwayintegration (cmpi),1
1867,proteocombiner,1
1853,metanetx,1
1854,simmap,1
1855,msaccess,1
1856,gene3d structural,1
1858,sgseq,1
1859,fhir,1
1860,natalieq,1
1861,h-dbas,1
1862,wosstopic,1
1865,grapemine,1
1868,glyco3d,1
1883,adverse drug event presentation and tracking (adept),1
1869,lotus,1
1870,c-hmm,1
1872,xmltext,1
1873,kpath,1
1875,chilin,1
1876,ambit-smirks,1
1877,dbgap2x,1
1878,hypoxiadb,1
1880,brem-sc,1
1882,identifiers.org,1
1921,dingo,1
1923,omnipath,1
1924,treecluster,1
1976,guideseq,1
1960,branch,1
1,lemon,1
1962,msfilereader_python_bindings,1
1965,fangorn forest (f2),1
1967,matrixdb,1
1969,circos,1
1971,kraken2,1
1972,pydfn3d,1
1973,cpgavas,1
1974,plasmodium autocount,1
1977,affyrnadegradation,1
1925,blastr,1
1979,ratspub,1
1980,phospho3d,1
1982,tersect,1
1983,extract,1
1984,cipher,1
1985,brca share,1
1987,eztrack,1
1988,aggrerate-pred,1
1989,gro2mat,1
1990,ribodb,1
1959,hpg-dhunter,1
1958,glycosciences,1
1957,igdd,1
1956,pdmethdb,1
1926,bioparser,1
1928,cropcircdb,1
1929,genes2wordcloud,1
1930,lambda,1
1933,dbbqs,1
1934,splicedetector,1
1935,broccoli,1
1936,nanostringqcpro,1
1938,terastitcher,1
1939,aprbind,1
1940,seqacademy,1
1944,st-sim,1
1945,cs2structure,1
1946,muscle2view,1
1947,europe pmc plus manuscript submission system mss,1
1949,fanmod,1
1950,quip,1
1952,sgrp blast server,1
1953,biosmile,1
1954,dbmae,1
1955,lailaps search engine (transplant instance),1
1852,mblastall,1
1851,the biogrid interaction database,1
1850,acdtrace,1
1762,astd,1
1748,abc-finder,1
1750,959 nematode genomes,1
1751,trip,1
1754,unfinnigan,1
1756,sambamba,1
1757,shrimpgpat,1
1758,imagedataextractor,1
1759,nci flicker,1
1760,bsa4yeast,1
1761,hamap-scan,1
1765,humanmine,1
1779,landscape,1
1766,cardiopy,1
1767,solid2fastq,1
1768,indelfr,1
1769,mosdepth,1
1771,restfulse,1
1772,nastybugs,1
1773,power,1
1774,id-taxer,1
1775,pybedgraph,1
1776,cancertracer,1
1745,triplexrna,1
1743,repex,1
1740,bam2roi,1
1739,procon (proteomics conversion tool),1
1705,metabolic disassembler,1
1707,yersinia,1
1708,scipion web tools,1
1711,gff2ps,1
1712,mubd-decoymaker 2.0,1
1714,eventepi,1
1715,deepcleave,1
1716,ophid,1
1717,ukbtools,1
1718,portadrop,1
1719,tasbe flow analytics,1
1721,bindingdb database of measured binding affinities,1
1723,idtxl,1
1725,varaft,1
1728,microbetrace,1
1730,genehunter,1
1733,distild,1
1734,webgestalt,1
1736,geecc,1
1737,european hepatitis c virus database (euhcvdb),1
1738,vanted,1
1778,brm,1
1780,mass spec studio,1
1849,bamview,1
1829,tealeaves,1
1817,phenominer,1
1819,bgmut,1
1820,imiss,1
1821,pathwaycommons sparql endpoint,1
1822,bustools,1
1823,easydockvina 2.0,1
1824,orthodb,1
1825,pathema,1
1826,the human protein atlas,1
1827,predictprotein open,1
1831,start2fold,1
1781,galaxy interactomix,1
1832,prob2plinkbig,1
1833,mhcii,1
1834,hicres,1
1841,ace,1
1842,bedtk,1
1843,protein naming utility,1
1844,hmst-seq-analyzer,1
1845,masshunter file reader,1
1846,gdsarray,1
1847,blima,1
1816,legionella pneumophila genome database,1
1814,domainsignatures,1
1813,sitehound-web,1
1812,giardia genome resources (giardiadb),1
1782,flowai,1
1783,imploc,1
1784,wormbase,1
1785,gust,1
1788,syfpeithi,1
1789,genelab,1
1790,fetchprodom ws,1
1791,scale,1
1792,3d-fun,1
1793,pindel2vcf,1
1795,msviz,1
1796,soda,1
1797,pyvisa,1
1798,vsn,1
1799,codcopy,1
1802,priori-t,1
1803,geneshot,1
1804,copasi,1
1806,ribodipa,1
1807,weblab,1
1811,physpetree,1
1991,effective,1
1994,planmine,1
1119,vcf2arlequin,1
2193,petkit,1
2179,camur,1
2180,spotlite,1
2183,gag-db,1
2185,hora,1
2186,q-hiu,1
2188,flybase,1
2189,transmart,1
2190,rentrez,1
2191,reportingtools,1
2192,rouge,1
2194,consent,1
2177,database of protein disorder (disprot),1
2195,motifdb,1
2197,pergola-web,1
2198,ensembl query-based biclustering,1
2199,adex: autoimmune diseases explorer,1
2200,same-clustering,1
2203,img m,1
2205,newt-omics,1
2210,minion,1
2213,backtranseq (ebi),1
2214,argminer,1
2178,aging atlas,1
2176,sagexplore,1
1996,qcgwas,1
2156,gatk_variant_select,1
2141,peppro,1
2142,3dnalandscapes,1
2143,omics pipe,1
2144,ddvfa,1
2147,binosnp,1
2148,vge,1
2149,locustmine,1
2150,estprep,1
2151,ncbi geo,1
2152,fastproject,1
2159,ccpdb,1
2175,brain interactome explorer,1
2160,wgd,1
2161,avia,1
2164,gemtractor,1
2165,genestoryteller,1
2166,matapax,1
2167,gomapman,1
2169,spatio-temporal,1
2171,pplk+c,1
2172,pimento,1
2173,monetfamily,1
2215,psrna,1
2216,mapgaps,1
2217,cbcanalyzer 1.1 beta,1
2269,bugsnet,1
2255,rgalaxy,1
2257,kaptive,1
2259,alphabet,1
2260,ek-drd,1
2262,rmsikeyion,1
2263,life science knowledge bank (lskb),1
2264,minmotif miner,1
2265,carbohydrate-active enzymes database (cazy),1
2267,bids apps,1
2268,gdc,1
2270,grs,1
2218,bpositive,1
2271,webgivi,1
2272,riso,1
2273,panelapp,1
2274,piqmie,1
2275,mzbruker,1
2276,dramp,1
2277,showfeat,1
2279,msnid,1
2280,metaerg,1
2281,padmet,1
2254,imgt geneview,1
2253,brassica genome,1
2252,bbknn,1
2251,schex,1
2219,rseqtools,1
2221,cancervar,1
2224,mutationaligner,1
2226,genes by isoelectric point,1
2227,maker-p,1
2228,haplocheck,1
2229,command,1
2230,flowclust,1
2231,crop,1
2233,mouseindeldb,1
2235,readtools,1
2236,most+,1
2237,probeplus,1
2239,mps,1
2240,sva,1
2241,plasforest,1
2243,gcsa2,1
2244,whiteboard,1
2246,radar,1
2247,evidence based microbial associations miner (evimass),1
2249,reploc,1
2140,dna-bot,1
2139,sequence searcher,1
2138,maizemine,1
2043,fastool,1
2030,prospect-pspp,1
2031,pypreclin,1
2032,meshr,1
2033,pslid,1
2034,genepath2,1
2035,quality threshold clustering molecular dynamics,1
2036,pybravo,1
2038,gridsolvate,1
2040,spliceaid-f,1
2042,buan,1
2044,trnaviz,1
2062,mpies,1
2045,laminin database,1
2046,pfam,1
2048,lp-sda,1
2050,vcontact,1
2051,snakepipes,1
2052,reqtl,1
2054,elminstancemapper,1
2056,vega annotation browser,1
2057,snps,1
2060,alphapart,1
2029,scipion workflow repository,1
2028,infernal cmscan,1
2027,affygcqc,1
2025,radtools,1
1997,mirgenedb,1
1998,isoform,1
1999,orcom,1
2001,pdb-redo databank of optimised macromolecular structures,1
2002,proteinprospector,1
2004,provision,1
2005,abc-gwas,1
2006,vapros,1
2007,mettailor,1
2008,scfind,1
2009,cyspanningtree,1
2011,bazam,1
2012,tcre,1
2014,aperture,1
2015,auspp,1
2016,msatcommander,1
2017,censor,1
2019,mspire_mspire-sequest,1
2020,genomicus-protists,1
2021,branchpointer,1
2024,g-graph,1
2061,protonet,1
2063,sparql,1
2137,pickle,1
2120,tlcluster,1
2105,marshal,1
2107,treefam,1
2110,fmapb2,1
2111,amoebadb,1
2114,stat-200,1
2115,medextractr,1
2116,showalign,1
2117,t-psi-c,1
2118,cvrms,1
2119,pssrdb,1
2121,genomedata,1
2064,drfast,1
2122,simextargid,1
2123,vadr,1
2127,gonuts,1
2128,mulims-mcompas,1
2129,isma,1
2131,igipt,1
2132,bridgedb api,1
2133,naples,1
2135,philr,1
2136,vcf-dart,1
2103,moff,1
2102,ggbase,1
2101,kronos,1
2100,sephiroth,1
2065,plant regulomics,1
2067,gedex,1
2069,emdomics,1
2070,fizzy,1
2071,mqc,1
2072,codon usage database,1
2074,erins,1
2075,genefarm,1
2077,aggrescan3d 2.0,1
2078,rice genome hub,1
2079,msimageview,1
2080,biojs-vis-gprofiler,1
2082,nutritional phenotype database (dbnp),1
2083,pegasys,1
2085,vrtk,1
2088,varsome,1
2089,primirtss,1
2090,guidance2,1
2093,rosettabackrub,1
2098,pathdip,1
2099,maize genetics and genomics database (maizegdb),1
1703,kronaextract,1
1702,bow,1
1700,stattarget,1
1317,qbioimages,1
1304,arpir,1
1305,cellsim,1
1306,pkgdeptools,1
1310,baalchip,1
1311,sequanix,1
1312,nbis-meta,1
1313,prosat+,1
1314,nthseq,1
1315,sonoviewer,1
1316,protein sequence motif extractor,1
1318,wang-xiaoheng,1
1301,genemania cytoscape plugin,1
1319,hapzipper,1
1321,compluyeast-2dpage database,1
1322,genome-sampler,1
1323,genodive,1
1324,empusa,1
1325,preopdb,1
1326,rambo-k,1
1327,cyclops,1
1328,bacpipe,1
1329,writerestohtml,1
1302,uniqprimer,1
1299,mm3,1
1699,ogrdb,1
1282,vcffilterjs,1
1268,psrobot,1
1270,ncbi reference sequences,1
1271,biobase,1
1275,brian2genn,1
1276,rawmsa,1
1277,ritan,1
1278,viseago,1
1279,nmf-ri,1
1280,a5,1
1281,gdtools,1
1283,qubils-midas,1
1298,bivartect,1
1284,doc2hpo,1
1285,rsffreader,1
1287,hogenom,1
1288,pathway interaction database (pid),1
1289,heveadb,1
1291,cogs,1
1292,genetests,1
1293,h-invdb,1
1296,ilincs,1
1297,ip4m,1
1330,cgmanalysis,1
1331,diversity gis editor,1
1332,clustom-cloud,1
1386,pyphe,1
1375,unet++,1
1376,modifysequencelist,1
1377,braker1,1
1379,madora,1
1380,pedig,1
1381,systempiper,1
1382,mutanalyst,1
1383,flowrepositoryr,1
1384,gwidecodeml,1
1385,fastprongs,1
1387,hooknet,1
1334,whichgenes,1
1388,uniprime2,1
1389,reuma.pt,1
1390,snpnotes,1
1392,clips,1
1394,3cdb,1
1395,enzyme portal,1
1396,resid database of protein modifications,1
1398,bpbaac,1
1399,idna6ma-pseknc,1
1401,bisa,1
1374,annotationfuncs,1
1373,meigor,1
1369,go2msig,1
1368,microkit,1
1335,gencore,1
1337,summarizedexperiment,1
1338,canopus,1
1339,qgs,1
1340,plantcircnet,1
1342,europe pmc,1
1344,lipidimms,1
1345,srnabench,1
1346,trnascan-se,1
1347,tdimpute,1
1349,microbial advanced database organisation (micado),1
1352,genomeview,1
1353,mala,1
1356,targetscore,1
1358,jorca,1
1360,bioalcidae,1
1361,multtest,1
1362,rearrvisr,1
1363,tcs,1
1366,yvis,1
1367,beanmine,1
1267,topsearch,1
1263,ols dialog,1
1261,simple modular architecture research tool (smart),1
1172,misfinder,1
1158,meta-pipe,1
1160,antar,1
1162,partigenedb,1
1163,ramp,1
1164,echmet,1
1165,raw2mzdb,1
1166,renato,1
1168,plasmodesma,1
1170,cogena,1
1171,bacant,1
1173,indigo,1
1192,perseus,1
1176,grape database,1
1178,cabri,1
1179,tric,1
1180,13check_rna,1
1181,checker,1
1183,mbcb,1
1185,rbbt-hts,1
1186,psea,1
1189,newdna-prot,1
1190,pneumocystis,1
1157,gad,1
1154,mzqlibrary,1
1152,biopartsdb,1
1151,wolbachia,1
1122,ice,1
1123,simspliceevol,1
1124,epigenomics workflow on galaxy and jupyter,1
1125,easyfrap,1
1127,modmatcher,1
1129,cdfread,1
1131,pipelinedog,1
1132,promex protein mass spectral library,1
1133,divergence,1
1134,grape 2.0,1
1135,openchrom,1
1140,genome maps,1
1141,loni-qc,1
1142,epithelial modelling platform,1
1143,panaroo,1
1144,pawer,1
1145,post assembly genome improvement toolkit,1
1146,pnv,1
1148,lm-glycomeatlas,1
1149,porgy,1
1150,gsva,1
1191,aceview genes database,1
1193,threadomex,1
1260,flowand,1
1245,buddysuite,1
1231,propheno,1
1232,ocean gene atlas,1
1233,iro-psekgcc,1
1235,iubiq-lys,1
1236,acdvalid,1
1237,the protein data bank (pdb),1
1238,ksrepo,1
1239,svn,1
1240,rawr,1
1243,ensembldb3,1
1246,idna-methyl,1
1194,twilight,1
1247,paces,1
1248,netcssp,1
1249,genetribe,1
1251,kic,1
1253,coordinateserver,1
1254,speaq,1
1255,multiglycan,1
1256,zfin,1
1258,bioword,1
1259,simrna,1
1230,spikeli,1
1229,mzjava,1
1228,rnarobo,1
1226,gcmap,1
1195,cryoflare,1
1196,evoker,1
1198,ibbig,1
1199,cryptosporidium genome resources cryptodb,1
1200,lucy,1
1203,hssp,1
1205,genprobis,1
1206,contedb,1
1207,aneuvis,1
1208,mass-up,1
1210,xflow,1
1211,mousebook,1
1212,pangia,1
1213,haplosearch,1
1214,mutascope,1
1215,ale,1
1218,snpfile,1
1219,pair,1
1221,cnvcaller,1
1222,mmass,1
1223,eurisco,1
1402,chemfp,1
1403,irefindex manager (irefr),1
1405,mammalian promoter database (mpromdb),1
1605,oligoclasses,1
1592,consensuspathdb,1
1595,shrec,1
1596,entret,1
1597,shinyfmbn,1
1598,prevalence tool,1
1600,mtdnaprofiler,1
1601,pdb2cle,1
1602,rqc,1
1603,atlas,1
1604,pubtator,1
1606,skewr,1
1629,darc site,1
1607,biologer,1
1610,aries,1
1613,bartweb,1
1614,macpet,1
1615,nanodefiner,1
1616,dig2,1
1620,psygenet2r,1
1623,notab,1
1624,extract_protein_names,1
1625,waveseqr,1
1590,genbarcode,1
1589,parentchecker,1
1588,arlequin,1
1587,calima,1
1554,affyqcreport,1
1555,platecore,1
1557,davidquery,1
1558,gwasrapidd,1
1560,hubmed,1
1561,model_dis,1
1563,encyclopedia,1
1564,pivr,1
1565,imgt genefrequency,1
1568,bacphlip,1
1571,biobtree,1
1572,nomogram,1
1575,ppicurator,1
1577,mdanalysis,1
1578,better bunny,1
1581,prophet,1
1582,pubmeth reviewed methylation database in cancer,1
1583,bindtranslation,1
1584,blast2srs,1
1585,intertads,1
1586,spidermass,1
1626,immunopharmacology,1
1631,pmd-fdr,1
1552,timetree,1
1683,seqhound,1
1669,netview,1
1671,vhldb,1
1672,seqdata-beacon,1
1673,alfie,1
1674,robokop,1
1675,glambox,1
1677,cornai,1
1679,mirnest,1
1680,mitogenesisdb,1
1681,partseg,1
1684,hpenet,1
1633,toffee,1
1685,panvizgenerator,1
1686,grons,1
1689,bipa,1
1690,pisa-sparky,1
1691,race-seq,1
1692,rsqtl,1
1693,deepcc,1
1694,wossparam,1
1696,synergizer,1
1697,globplot ws (jabaws),1
1668,gff2aplot,1
1667,splots,1
1666,htp-oligodesigner,1
1665,repetdb,1
1634,modex,1
1635,kegdraw 0.1.14 beta,1
1638,biocontext,1
1640,culture collection of algae and protozoa (ccap),1
1641,probelynx,1
1642,biostudies,1
1644,dtclab,1
1645,pespotdb,1
1646,refernment,1
1647,what if,1
1648,semdist,1
1649,beetl,1
1650,biomedisa,1
1651,protag,1
1653,mac-inmv-ssr,1
1656,miodin,1
1657,bacwgstdb,1
1658,rabbitqc,1
1659,gepas,1
1661,seq2ref,1
1664,glycan reader,1
1553,bedshift,1
1551,bioexcel building blocks tutorials: common workflow language with biobb,1
1406,computation subtraction-based microbiome discovery (csmd),1
1462,rebase,1
1442,mascotdatfile,1
1446,seq2feature,1
1447,batmat,1
1448,snpduo,1
1449,hybpiper,1
1450,predicted prokaryotic regulatory proteins (p2rp),1
1451,gcnmda,1
1453,spdi,1
1456,human splicing finder,1
1460,cyp11b1,1
1464,extrarg,1
1483,varsight,1
1465,condel,1
1466,extended circadian harmonic oscillators (echo),1
1469,dyndoc,1
1470,solubis 2,1
1472,amypdb,1
1473,aicd,1
1476,protmapper,1
1478,idcov,1
1480,epivizrdata,1
1481,lineagepulse,1
1441,quality assessment,1
1439,msmstests,1
1436,widgettools,1
1435,rmea,1
1407,fastscop,1
1408,haplotypo,1
1410,frogs_upload_tar,1
1411,seda,1
1412,ngs-qc generator,1
1413,desubs,1
1416,mapoptics,1
1417,howde-sbt,1
1418,xanthusbase,1
1419,adenosiland,1
1420,rmat,1
1421,yakusa,1
1422,distanced,1
1423,barleyvardb,1
1424,tygs,1
1426,surfy,1
1427,flymine,1
1430,tabsint,1
1431,metcirc,1
1433,msgraph,1
1434,bbsbayes,1
1482,ngseasy,1
1484,rtca,1
1550,vio,1
1534,bedtoolsr,1
1520,pepxmltab,1
1521,vecscreen_plus_taxonomy,1
1522,rpgenet,1
1523,saltclass,1
1524,bioseqzip,1
1526,seqfire,1
1528,drug-herb-interaction,1
1529,scope,1
1530,1000genomes id history converter,1
1533,hare,1
1535,a5-miseq,1
1485,lpe,1
1536,tooldog,1
1537,bioinformatics toolkit,1
1538,seecer,1
1539,seqcontrol,1
1542,storm,1
1543,gwas central,1
1545,unigene gene-oriented nucleotide sequence clusters,1
1547,enzymeminer,1
1548,prompt,1
1549,watermelon,1
1519,aradeepopsis,1
1518,atfusiondb,1
1516,mdpbiome,1
1515,bioentity2vec,1
1488,imgt domainsuperimpose,1
1489,trans-nanosim,1
1490,et report maker,1
1491,blastgui,1
1493,vcf-server,1
1494,iqsp,1
1495,rnassess,1
1496,convpath,1
1497,rna-express,1
1498,peakprobe,1
1499,biojs-io-blast,1
1501,miriam resources,1
1502,paa - protein array analyzer,1
1503,belg,1
1505,rna workbench 2.0,1
1508,linnorm,1
1509,plasmodium genome resources (plasmodb),1
1510,imageo,1
1511,svmtm,1
1512,frogs_biom_to_tsv,1
1513,ergo genome analysis and discovery system,1
3921,pperturb,1
